MetaBoy #2272,https://nft.gamestop.com/token/0x1d006a27bd82e10f9194d30158d91201e9930420/0xfa8f0535fcf06c9a762c94f85e58d41f37dc55de83d7c3f72e29ed0f096b1bed,9,Body,Tiger,Face,Rosy Cheeks,Waist,Belt with Right Pistol,Weapon,Bow,Background,Cosmos,,,,,,,,,,,,,,,,,,,,,,
MetaBoy #1941,https://nft.gamestop.com/token/0x1d006a27bd82e10f9194d30158d91201e9930420/0x489376a74f0d94b2d85987152ef6060dbc7ec8ba037ca757e56bd6d6a23bd29e,10,Body,Assassin,Face,Serious,Waist,Belt with Right Pistol,Weapon,Cowboy Left Pistol,Background,Cosmos,,,,,,,,,,,,,,,,,,,,,,
MetaBoy #5156,https://nft.gamestop.com/token/0x1d006a27bd82e10f9194d30158d91201e9930420/0x9898c86c2b2ea0f57198c7762d205db4d8abba289597900794f6f36884c89212,11,Hat,Warrior Helmet,Body,Monk,Face,OoO,Neck,Dog Tags,Waist,Belt with Right Pistol,Weapon,Cowboy Left Pistol,Background,Cosmos,,,,,,,,,,,,,,,,,,
MetaBoy #5929,https://nft.gamestop.com/token/0x1d006a27bd82e10f9194d30158d91201e9930420/0x1d1e0728300164c7db21fef9c7032855dc2bb55e3f312da29588bbdf0a3532fb,11,Hat,Cowboy Hat,Body,Gentleman,Face,Rosy Cheeks,Waist,Belt Empty Holsters,Weapon,Cowboy Left Pistol,Background,Cosmos,,,,,,,,,,,,,,,,,,,,
MetaBoy #8172,https://nft.gamestop.com/token/0x1d006a27bd82e10f9194d30158d91201e9930420/0x349e822683ddf7a64911fd379c10c7062aa39ccde78164c3a6d297c4d0052198,13,Hat,Xmas Hat,Body,Survivor,Face,Sad,Weapon,Yatagan,Background,Cosmos,,,,,,,,,,,,,,,,,,,,,,
MetaBoy #8636,https://nft.gamestop.com/token/0x1d006a27bd82e10f9194d30158d91201e9930420/0x5e68abdb2c82db9337ecc3d869c408faaceba3c8c4e3e7b3f76e82fe27cbc659,15,Hat,Plague Doctor Hat,Body,Neon Transparent,Face,Rosy Cheeks,Neck1,Arrow Quiver5,Weapon,Wooden Staff,BackgroBackgroundund,Cosmos,,,,,,,,,,,,,,,,,,,,
MetaBoy #8949,https://nft.gamestop.com/token/0x1d006a27bd82e10f9194d30158d91201e9930420/0x27930554c6ad23d64312f2c48784cc4d5877d27a2bf449d01d7df94f1336a0c7,16,Body,Monk,Face,Bearded Cowboy,Weapon,Elder Wand,Background,Cosmos,,,,,,,,,,,,,,,,,,,,,,,,
MetaBoy #9050,https://nft.gamestop.com/token/0x1d006a27bd82e10f9194d30158d91201e9930420/0xa424cc744a282803b608d15e0bb1205fa9d3c924a67b5f787d39b30a536b8c51,16,Hat,Dark Purple Wizard Hat,Body,Lumberjack,Face,Tongue out,Weapon,Side Gun,Background,Cosmos,,,,,,,,,,,,,,,,,,,,,,
MetaBoy #8557,https://nft.gamestop.com/token/0x1d006a27bd82e10f9194d30158d91201e9930420/0x8586b47b580f2c7d7679cbb26e3609b52cbd345f41f97d19d8916b1069fc9e44,19,Hat,Sea Captain Hat,Body,Light Blue,Face,Empty Face,Weapon,Blade,Background,Cosmos,,,,,,,,,,,,,,,,,,,,,,
MetaBoy #8685,https://nft.gamestop.com/token/0x1d006a27bd82e10f9194d30158d91201e9930420/0x6258c52ee9333a91cbab72d7ec0712a5d243247d2d7463c7897425d2e0413485,19,Hat,Cat Ears,Body,Prisoner,Face,Hitman Face,Waist,Belt Empty Holsters,Weapon,Zombie Hands,Background,Cosmos,,,,,,,,,,,,,,,,,,,,
MetaBoy #1039,https://nft.gamestop.com/token/0x1d006a27bd82e10f9194d30158d91201e9930420/0xd4205a57467651112e58ae2629140f672f98758105990fabf32552ed6fc74a81,19,Hat,Lion Hat,Body,Schoolboy,Face,Tongue out,Neck,Skull Bandana,Weapon,Axe and Shield,Background,Cosmos,,,,,,,,,,,,,,,,,,,,
MetaBoy #7419,https://nft.gamestop.com/token/0x1d006a27bd82e10f9194d30158d91201e9930420/0xbb94851c05af4a6cfec5a1ba565246492d4738fc6cf1d1491e608893a45bf338,22,Hat,Winged Helmet,Body,Supervillain,Face,Surprised,Weapon,Bow and Arrow,Background,Cosmos,,,,,,,,,,,,,,,,,,,,,,
MetaBoy #348,https://nft.gamestop.com/token/0x1d006a27bd82e10f9194d30158d91201e9930420/0xeeaf3dcb276627ea2c7c3f69842dba975f2a654444165edf39a3ea288a0bbc1d,23,Hat,Underwater Helmet,Body,Red Dress,Face,Happy Girl,Waist,Belt Empty Holsters,Weapon,Cowboy Two Pistols,Background,Cosmos,,,,,,,,,,,,,,,,,,,,
MetaBoy #9903,https://nft.gamestop.com/token/0x1d006a27bd82e10f9194d30158d91201e9930420/0xdee2d494f43622fe939853d49cab39a7ed1d14ca612e0be064452ffd9b4eaa6d,24,Hat,Green Headphones,Body,Schoolboy,Face,Whatever,Neck,Shoulder Pads,Weapon,Wooden Staff,Background,Cosmos,,,,,,,,,,,,,,,,,,,,
MetaBoy #3107,https://nft.gamestop.com/token/0x1d006a27bd82e10f9194d30158d91201e9930420/0x6e6de4f300d4297a084b13c64af67ae0bb83a87cca5d23ffddc4272751a51769,25,Body,Bloodied,Face,Whatever,Weapon,Harpoon,Background,Cosmos,,,,,,,,,,,,,,,,,,,,,,,,
MetaBoy #4850,https://nft.gamestop.com/token/0x1d006a27bd82e10f9194d30158d91201e9930420/0x87868276c08c5c3cbc7fa748d0d1da4d1d50c25653853f8bfed80162dfc836a2,25,Hat,Cowboy Hat,Body,Schoolgirl,Face,Sweet,Neck,Dog Tags,Weapon,Dynamite Stick,Background,Cosmos,,,,,,,,,,,,,,,,,,,,
MetaBoy #2807,https://nft.gamestop.com/token/0x1d006a27bd82e10f9194d30158d91201e9930420/0x3ab5f7cef8c1b8025aef741e57182d612a024d2a3a0d36d470b60fbef78c444e,25,Hat,Viking Helmet,Back,Sword Backpack,Body,Schoolboy,Face,Viper,Weapon,Blade,Background,Cosmos,,,,,,,,,,,,,,,,,,,,
MetaBoy #3605,https://nft.gamestop.com/token/0x1d006a27bd82e10f9194d30158d91201e9930420/0x7b48f130f55e8c38fd08f186bb5240bf486cf276d143ca2d1fd85fed2de86791,26,Hat,Medic Hat,Body,Watermelon,Face,Empty Face,Neck,Blue Bandana,Waist,Satchel,Weapon,Dynamite Stick,Background,Cosmos,,,,,,,,,,,,,,,,,,
MetaBoy #1823,https://nft.gamestop.com/token/0x1d006a27bd82e10f9194d30158d91201e9930420/0x871d793688b35893722d629dfd268b64703c0395e8328792d3efed4e9a27d393,26,Hat,Russian Hat,Back,Angel Wings,Body,Watermelon,Face,Holding a Laugh,Weapon,Axe and Shield,Background,Cosmos,,,,,,,,,,,,,,,,,,,,
MetaBoy #301,https://nft.gamestop.com/token/0x1d006a27bd82e10f9194d30158d91201e9930420/0x96515204b25bc9b933dc0c6a5b2eb566ade1a83e1914a1519dbcf21d089b9a09,28,Hat,Cat Ears,Back,Sai Backpack,Body,Mom Jeans,Face,Happy Girl,Weapon,Kunai,Background,Cosmos,,,,,,,,,,,,,,,,,,,,
MetaBoy #2287,https://nft.gamestop.com/token/0x1d006a27bd82e10f9194d30158d91201e9930420/0xac70a481b6e14e52e8a1662204aeded45299f8ed261e29758a38f5a6fe327374,28,Hat,Jester Hat,Body,Schoolboy,Face,Big Moustashe,Neck,Skull Bandana,Weapon,Wooden Staff,Background,Cosmos,,,,,,,,,,,,,,,,,,,,
MetaBoy #1151,https://nft.gamestop.com/token/0x1d006a27bd82e10f9194d30158d91201e9930420/0x20fc6875293f47927ccd6f493ebc2124321baaa82c8ac50aa6040f08dea8e507,29,Hat,Hat Orange,Back,Sai Backpack,Body,Stealth,Face,Female Villian,Neck,Shoulder Pads,Waist,Satchel,Weapon,Yatagan,Background,Cosmos,,,,,,,,,,,,,,,,
MetaBoy #3290,https://nft.gamestop.com/token/0x1d006a27bd82e10f9194d30158d91201e9930420/0x8d3ac5c7de7094ee95f0fa36726625bcece64ad201fcfa0955207e15661f0720,30,Hat,Plague Doctor Hat,Body,Cowboy,Face,Bearded Cowboy,Neck,Black Scarf,Weapon,Sai,Background,Cosmos,,,,,,,,,,,,,,,,,,,,
MetaBoy #9009,https://nft.gamestop.com/token/0x1d006a27bd82e10f9194d30158d91201e9930420/0x7f0330bb174a3581db98d8eeeb7fbba17967de245170aa6024aabfe3fb36c5bb,30,Hat,Leafs,Body,Watermelon,Face,Rosy Cheeks,Neck,Shoulder Pads,Weapon,Crowbar,Background,Cosmos,,,,,,,,,,,,,,,,,,,,
MetaBoy #2034,https://nft.gamestop.com/token/0x1d006a27bd82e10f9194d30158d91201e9930420/0xe27074add40e48f5621b688e1ed222ece9933b1453f31463abea33dbb706b177,30,Hat,Bunny Ears,Body,Cowboy,Face,404 Face,Neck,Blue Bandana,Weapon,Dark Staff,Background,Cosmos,,,,,,,,,,,,,,,,,,,,
MetaBoy #8954,https://nft.gamestop.com/token/0x1d006a27bd82e10f9194d30158d91201e9930420/0x09699055d0d593017c329f214e7947e0eb5801e6349c0ae90206ee29f77e79e6,30,Hat,Leafs,Body,Schoolboy,Face,Happy Face,Weapon,Katana,Background,Cosmos,,,,,,,,,,,,,,,,,,,,,,
MetaBoy #3496,https://nft.gamestop.com/token/0x1d006a27bd82e10f9194d30158d91201e9930420/0xc4f86ad10c2aa98b7d77849c535ac53141f9f0071c4f87611dab798f8e933b61,32,Back,Sword Backpack,Body,Schoolgirl,Face,Cyclops,Neck,Black Scarf,Weapon,Dark Staff,Background,Cosmos,,,,,,,,,,,,,,,,,,,,
MetaBoy #6638,https://nft.gamestop.com/token/0x1d006a27bd82e10f9194d30158d91201e9930420/0xcddc8b4c8f894b22d58a11a00d8e63d7a8cacb0ee1195cb3fb2c4237ad0b4b7f,34,Hat,Beret Hat,Back,Sai Backpack,Body,Lumberjack,Face,Rosy Cheeks,Weapon,Sai,Background,Cosmos,,,,,,,,,,,,,,,,,,,,
MetaBoy #1262,https://nft.gamestop.com/token/0x1d006a27bd82e10f9194d30158d91201e9930420/0xdc7d3f5d4b321233e0864e4e7213cdb1d1c5a74a63a3ce955900ded2d14672b5,34,Body,Schoolboy,Face,Angel Smile,Neck,Dog Tags,Weapon,Kunai,Background,Cosmos,,,,,,,,,,,,,,,,,,,,,,
MetaBoy #1268,https://nft.gamestop.com/token/0x1d006a27bd82e10f9194d30158d91201e9930420/0xdde41b21bf8dcea446a3f445e03d40201e8bcfc152ce991707048a73c96d80bd,35,Hat,Sea Captain Hat,Body,Nobleman,Face,404 Face,Neck,Black Scarf,Waist,Belt with Left Pistol,Weapon,Side Gun,Background,Cosmos,,,,,,,,,,,,,,,,,,
MetaBoy #3918,https://nft.gamestop.com/token/0x1d006a27bd82e10f9194d30158d91201e9930420/0xb60f9d6f15a453404c879269c7491bff909a607c130f2e1e8f4af77044e0a425,38,Body,Schoolgirl,Face,Dumb Laugh,Weapon,Spear and Shield,Background,Cosmos,,,,,,,,,,,,,,,,,,,,,,,,
MetaBoy #4809,https://nft.gamestop.com/token/0x1d006a27bd82e10f9194d30158d91201e9930420/0xf3d65ade8a47dc0efd19253c7c1794cd2078eadbc99c33c1cc8ff277971d9a5b,38,Hat,Leafs,Body,Underwater Suit,Face,OoO,Neck,Skull Bandana,Weapon,Dynamite Stick,Background,Cosmos,,,,,,,,,,,,,,,,,,,,
MetaBoy #8859,https://nft.gamestop.com/token/0x1d006a27bd82e10f9194d30158d91201e9930420/0x6a9b812816bc2e3c0f2959136e02db66a1ff206ccf4ad2cde957d3f1e8ff2b68,38,Body,Schoolgirl,Face,Grinding Teeth,Weapon,Boxing Gloves,Background,Cosmos,,,,,,,,,,,,,,,,,,,,,,,,
MetaBoy #7741,https://nft.gamestop.com/token/0x1d006a27bd82e10f9194d30158d91201e9930420/0x5aa84051a7f3630c97524dd5f4d7e3ab6590eaafc6fa20a815e88f86412c3f37,39,Hat,Cowboy Hat,Body,Schoolboy,Face,Tongue out,Neck,Medallion Necklace,Waist,Belt with Both Pistols,Weapon,Lightning,Background,Cosmos,,,,,,,,,,,,,,,,,,
MetaBoy #3938,https://nft.gamestop.com/token/0x1d006a27bd82e10f9194d30158d91201e9930420/0xdda4e92a6023e3314fe0e2aba12d3f6a2bce0261a0e27f433eecb9a87716304f,40,Hat,Astronaut Helmet,Body,Astronaut,Face,Smiling Zombie,Neck,Blue Bandana,Waist,Belt with Left Pistol,Weapon,Cowboy Right Pistol,Background,Cosmos,,,,,,,,,,,,,,,,,,
MetaBoy #3385,https://nft.gamestop.com/token/0x1d006a27bd82e10f9194d30158d91201e9930420/0x1e8e681741b1864ce075d227cbaf152f4df4397cc27451ae6182e6ac5aae9043,40,Body,Schoolgirl,Face,Monocle,Neck,Shoulder Pads,Weapon,Daggers,Background,Cosmos,,,,,,,,,,,,,,,,,,,,,,
MetaBoy #2108,https://nft.gamestop.com/token/0x1d006a27bd82e10f9194d30158d91201e9930420/0x571c727380397f6b0e38a08881d54370fc916ff222c75e4b0106856109c825f6,40,Back,Sword Backpack,Body,Suit,Face,Happy Face,Weapon,Chainsaw,Background,Cosmos,,,,,,,,,,,,,,,,,,,,,,
MetaBoy #9800,https://nft.gamestop.com/token/0x1d006a27bd82e10f9194d30158d91201e9930420/0xc3a2956538267edfb44455c99c2012497bfddb5043127affb7dfd916c5cd3952,40,Body,Schoolgirl,Face,Big Teeth,Neck,Dog Tags,Waist,Fighter Belt,Weapon,Sai,Background,Cosmos,,,,,,,,,,,,,,,,,,,,
MetaBoy #8478,https://nft.gamestop.com/token/0x1d006a27bd82e10f9194d30158d91201e9930420/0xaf96230799bb079252e23cca8e653e712048f7e67cefdb5acc3917a319253585,41,Hat,Hat Blue,Body,Light Blue,Face,Teeth Smile,Waist,Satchel,Weapon,Robot Claw,Background,Cosmos,,,,,,,,,,,,,,,,,,,,
MetaBoy #5949,https://nft.gamestop.com/token/0x1d006a27bd82e10f9194d30158d91201e9930420/0xabae28d6b5edd58037454409137bad86ef9b4dfd615806f1cae7135b3c2c8004,42,Body,Red Dress,Face,Big Moustashe,Weapon,Wrist Straps,Background,Cosmos,,,,,,,,,,,,,,,,,,,,,,,,
MetaBoy #7488,https://nft.gamestop.com/token/0x1d006a27bd82e10f9194d30158d91201e9930420/0xdac142c0061b4beb9f126c29ed72f5a4095339d24d76e015a7aa6a93a3204300,42,Hat,Chefs Hat,Body,Demon,Face,Tongue Out,Neck,Red Bandana,Weapon,Harpoon,Background,Cosmos,,,,,,,,,,,,,,,,,,,,
MetaBoy #7699,https://nft.gamestop.com/token/0x1d006a27bd82e10f9194d30158d91201e9930420/0x9af6ae67028df6a0b33b009717441f8fe48bc8790be3f74cafba2ae756c6cf0c,43,Body,Schoolboy,Face,Whatever,Waist,Belt with Right Pistol,Weapon,Cowboy Left Pistol,Background,Cosmos,,,,,,,,,,,,,,,,,,,,,,
MetaBoy #4529,https://nft.gamestop.com/token/0x1d006a27bd82e10f9194d30158d91201e9930420/0x5739936ebbc3b699dc6acace28cf121c8c60f38d86b75c0e903a06a3d25703f3,44,Hat,Red Mowhawk,Body,Samurai,Face,Angry,Weapon,Dark Staff,Background,Cosmos,,,,,,,,,,,,,,,,,,,,,,
MetaBoy #423,https://nft.gamestop.com/token/0x1d006a27bd82e10f9194d30158d91201e9930420/0x00949d972b3a27e762a84b816ed9b76c0848cf2dc3ccd27a77819686eabbac7b,44,Hat,Hat Orange,Body,Lumberjack,Face,Hitman Face,Weapon,Chainsaw,Background,Cosmos,,,,,,,,,,,,,,,,,,,,,,
MetaBoy #1932,https://nft.gamestop.com/token/0x1d006a27bd82e10f9194d30158d91201e9930420/0x718206abf596b8d725425a042d805f24d6bda5da35a5783978ab1a94fd69e907,45,Body,Yellow Overalls,Face,Sad Zombie,Waist,Belt with Both Pistols,Weapon,Side Gun,Background,Cosmos,,,,,,,,,,,,,,,,,,,,,,
MetaBoy #8527,https://nft.gamestop.com/token/0x1d006a27bd82e10f9194d30158d91201e9930420/0x66fd67a7611bc68b703ab21a2829eb61ee20248d8fe22a3671155f265dc641b4,45,Body,Schoolboy,Face,Big Moustashe,Waist,Fighter Belt,Weapon,Neon Solid,Background,Cosmos,,,,,,,,,,,,,,,,,,,,,,
MetaBoy #5491,https://nft.gamestop.com/token/0x1d006a27bd82e10f9194d30158d91201e9930420/0x2cf7063eb35951fde1696b76506acd8ac65c1f499e243bcfc48628ac7ae94e92,46,Body,Lizard,Face,Grinding Teeth,Weapon,Kunai,Background,Cosmos,,,,,,,,,,,,,,,,,,,,,,,,
MetaBoy #6570,https://nft.gamestop.com/token/0x1d006a27bd82e10f9194d30158d91201e9930420/0x9f983fce147a601e1dc39ecd23f2af3d8f6d7c40e270fa896b905cb64a6a5fdf,47,Hat,Leafs,Body,Angel,Face,Huge Smile,Neck,Arrow Quiver,Weapon,Lightning,Background,Cosmos,,,,,,,,,,,,,,,,,,,,
MetaBoy #7966,https://nft.gamestop.com/token/0x1d006a27bd82e10f9194d30158d91201e9930420/0x231549d560094aeb044b28e1151f7f3ff75628940c134d2356b679a9dca608df,47,Hat,Green Mowhawk,Body,Schoolgirl,Face,Sweet,Waist,Potion Belt,Weapon,Kunai,Background,Cosmos,,,,,,,,,,,,,,,,,,,,
MetaBoy #9258,https://nft.gamestop.com/token/0x1d006a27bd82e10f9194d30158d91201e9930420/0x43df4d96ade9e9cfbcef24ada40a6ed4cb03f254743087ce4854ae57a0f6cfe0,48,Hat,Xmas Hat,Body,Prisoner,Face,Sad,Neck,Blue Bandana,Weapon,Bow and Arrow,Background,Cosmos,,,,,,,,,,,,,,,,,,,,
MetaBoy #5793,https://nft.gamestop.com/token/0x1d006a27bd82e10f9194d30158d91201e9930420/0xfb19dff2019b82a926ab0eb3824143a6f320b5c99ca6b10b1790f48b0febdb4b,48,Body,Neon Transparent,Face,Huge Smile,Neck,Blue Bandana,Weapon,Katana,Background,Cosmos,,,,,,,,,,,,,,,,,,,,,,
MetaBoy #2600,https://nft.gamestop.com/token/0x1d006a27bd82e10f9194d30158d91201e9930420/0x922b26e227f57efb5082838c7aac1d05d265d00e910f08cb6102512095eef691,50,Hat,Arrow Through Head,Body,Schoolgirl,Face,Cyclops,Weapon,Gravity Gun,Background,Cosmos,,,,,,,,,,,,,,,,,,,,,,
MetaBoy #4274,https://nft.gamestop.com/token/0x1d006a27bd82e10f9194d30158d91201e9930420/0xf4fb72444ededad079694853d1d18bd18149a19a5c7156657a67decea35c6ba1,50,Hat,Cowboy Hat,Body,Stone,Face,Bubblegum,Neck,Black Scarf,Weapon,Trident,Background,Cosmos,,,,,,,,,,,,,,,,,,,,
MetaBoy #9824,https://nft.gamestop.com/token/0x1d006a27bd82e10f9194d30158d91201e9930420/0x8ab557e803b5a883cd6a8a074cc1d2f1d8ae75a7364ed0fd1665169a1b7afec6,51,Hat,Beret Hat,Body,Prisoner,Face,Big Chin,Weapon,Boxing Gloves,Background,Cosmos,,,,,,,,,,,,,,,,,,,,,,
MetaBoy #8163,https://nft.gamestop.com/token/0x1d006a27bd82e10f9194d30158d91201e9930420/0xe1cd48b256dcfcf6748b00c448180eb59d761e5c1630522ae450b693ecdbc8e7,52,Hat,Hat Blue,Body,Camouflage,Face,Angry,Neck,Skull Bandana,Weapon,Gravity Gun,Background,Cosmos,,,,,,,,,,,,,,,,,,,,
MetaBoy #2835,https://nft.gamestop.com/token/0x1d006a27bd82e10f9194d30158d91201e9930420/0x7697a232b25075003280a355fd8d9109ebd7383f473fe81987bc17d6b8e227df,52,Hat,Pirate Hat,Back,Sword Backpack,Body,Yellow,Face,Whatever,Neck,Fur Cape,Weapon,Harpoon,Background,Cosmos,,,,,,,,,,,,,,,,,,
MetaBoy #294,https://nft.gamestop.com/token/0x1d006a27bd82e10f9194d30158d91201e9930420/0x4dec56b547c00afb3e28711e6f1a3e81ea03fc91a2e65dfcd066323e14ac0e92,53,Body,Schoolboy,Face,Big Chin,Neck,Arrow Quiver,Weapon,Sai,Background,Cosmos,,,,,,,,,,,,,,,,,,,,,,
MetaBoy #4547,https://nft.gamestop.com/token/0x1d006a27bd82e10f9194d30158d91201e9930420/0x138ff307757ff8315caaa0ecadf9a1326b00fbe81c8189a1c7ed417f40aca9f2,54,Body,Stealth,Face,Cat,Waist,Chain Belt,Weapon,Kunai,Background,Cosmos,,,,,,,,,,,,,,,,,,,,,,
MetaBoy #7582,https://nft.gamestop.com/token/0x1d006a27bd82e10f9194d30158d91201e9930420/0xa248f96bcb7ec7c2385ac5e5c292f3f67c40cca5313ed70da9eb53c8046138d2,56,Hat,Underwater Helmet,Body,Bread Slice,Face,Sweet,Weapon,Yatagan,Background,Cosmos,,,,,,,,,,,,,,,,,,,,,,
MetaBoy #8688,https://nft.gamestop.com/token/0x1d006a27bd82e10f9194d30158d91201e9930420/0x81481322b79d0a1621d1f1205faacbcc65f2a7b928cac28889145af1680ff11c,56,Hat,Plague Doctor Hat,Body,Neon Transparent,Face,Rosy Cheeks,Weapon,Wooden Staff,Background,Cosmos,,,,,,,,,,,,,,,,,,,,,,
MetaBoy #1499,https://nft.gamestop.com/token/0x1d006a27bd82e10f9194d30158d91201e9930420/0xc20db518f735f797d1a146e85177fdfc41f8cb720a3feaeee54ce9bec1324da7,56,Hat,Winged Helmet,Back,Demon Wings,Body,Schoolgirl,Face,Got You,Neck,Medallion Necklace,Waist,Belt with Both Pistols,Weapon,Gravity Gun,Background,Cosmos,,,,,,,,,,,,,,,,
MetaBoy #7662,https://nft.gamestop.com/token/0x1d006a27bd82e10f9194d30158d91201e9930420/0xdd28f57e18dc0349b4d52273b8a06abe6f705a8f55e3fa3870aaa24eba0ab954,56,Body,Schoolgirl,Face,Happy Girl,Weapon,Yatagan,Background,Cosmos,,,,,,,,,,,,,,,,,,,,,,,,
MetaBoy #5579,https://nft.gamestop.com/token/0x1d006a27bd82e10f9194d30158d91201e9930420/0x241a24e9668eebb623dd0fc2a867e6311179835f1de53abdd54fc424ca4ede1c,57,Hat,Axe Hat,Body,Neon Solid,Face,Crying,Neck,Red Bandana,Waist,Potion Belt,Weapon,Golden Blades,Background,Cosmos,,,,,,,,,,,,,,,,,,
MetaBoy #7244,https://nft.gamestop.com/token/0x1d006a27bd82e10f9194d30158d91201e9930420/0x93d993921ab4b4ea3ef5e423a560f4eb65dc7db51b0c2e20791be9108aafdb6a,57,Hat,Red Mowhawk,Body,Gentleman,Face,Cat,Neck,Red Bandana,Weapon,Zombie Hands,Background,Cosmos,,,,,,,,,,,,,,,,,,,,
MetaBoy #3116,https://nft.gamestop.com/token/0x1d006a27bd82e10f9194d30158d91201e9930420/0x5554637d1c00f1d41c12a5cbdd7b8f9add10bf3ca3af859c348c6db80498a334,57,Hat,Lion Hat,Body,Survivor,Face,Big Teeth,Weapon,Axe and Shield,Background,Cosmos,,,,,,,,,,,,,,,,,,,,,,
MetaBoy #577,https://nft.gamestop.com/token/0x1d006a27bd82e10f9194d30158d91201e9930420/0x9698cee3556b6e3ea3ee9cc73a56cae6a4a09dd294e8ac08e83e1aabd1b31fcc,58,Body,Gentleman,Face,Double Chin,Waist,Grenade Belt,Weapon,Dynamite Stick,Background,Cosmos,,,,,,,,,,,,,,,,,,,,,,
MetaBoy #9871,https://nft.gamestop.com/token/0x1d006a27bd82e10f9194d30158d91201e9930420/0xdfd51e9fad53eaa95c3056bee25aa437b683c41520fe6f724cc93db46826bc56,58,Hat,Wizard Hat,Back,Angel Wings,Body,Lizard,Face,Crazy,Weapon,Bazooka,Background,Cosmos,,,,,,,,,,,,,,,,,,,,
MetaBoy #567,https://nft.gamestop.com/token/0x1d006a27bd82e10f9194d30158d91201e9930420/0x8a209e954269be8b4888d13f5b4f2708e73f6c5655e2c70addb4f46cf61106b6,58,Hat,Yellow Hat,Body,Wood,Face,Bearded Cowboy,Weapon,Trident,Background,Cosmos,,,,,,,,,,,,,,,,,,,,,,
MetaBoy #5300,https://nft.gamestop.com/token/0x1d006a27bd82e10f9194d30158d91201e9930420/0x23383b90e5f2ef4498ee5b05ec5d0aa60b5d1816f01c1bfb5320d7ffdec33a67,59,Body,Turtle,Face,OoO,Weapon,Elder Wand,Background,Cosmos,,,,,,,,,,,,,,,,,,,,,,,,
MetaBoy #1159,https://nft.gamestop.com/token/0x1d006a27bd82e10f9194d30158d91201e9930420/0x7fa8436b8c2c669161d2ca83bfc22ef395065bed2c0e1033788721a7d198eb61,59,Hat,Astronaut Helmet,Body,Schoolgirl,Face,Glasses,Weapon,Crowbar,Background,Cosmos,,,,,,,,,,,,,,,,,,,,,,
MetaBoy #9908,https://nft.gamestop.com/token/0x1d006a27bd82e10f9194d30158d91201e9930420/0x84d18eccea0e65e4e9a2e0e31cb8f53a78134926a570c02c3611b34ab874b9e2,61,Body,Schoolboy,Face,Pig,Weapon,Boxing Gloves,Background,Cosmos,,,,,,,,,,,,,,,,,,,,,,,,
MetaBoy #844,https://nft.gamestop.com/token/0x1d006a27bd82e10f9194d30158d91201e9930420/0xc4b15ac167d7581a751255abd4d064c0c5cc5567a36540a353b9e4d7c2eafc54,61,Hat,Xmas Hat,Body,Red Dress,Face,Snobby Kid,Waist,Satchel,Weapon,Boxing Gloves,Background,Cosmos,,,,,,,,,,,,,,,,,,,,
MetaBoy #4665,https://nft.gamestop.com/token/0x1d006a27bd82e10f9194d30158d91201e9930420/0x28daa4b7e28943b7ca2bcc87601a9f40d17e9365f1f5085f2d8872bd2e7b3272,62,Hat,Beret Hat,Back,Sai Backpack,Body,Schoolgirl,Face,Sad Zombie,Weapon,Trident,Background,Cosmos,,,,,,,,,,,,,,,,,,,,
MetaBoy #775,https://nft.gamestop.com/token/0x1d006a27bd82e10f9194d30158d91201e9930420/0x408dbd200f6dabf619d6a52d81e4fa68a00cda2df289ef13958f89149501c3e3,63,Hat,Pirate Hat,Body,Nobleman,Face,Cyclops,Weapon,Boxing Gloves,Background,Cosmos,,,,,,,,,,,,,,,,,,,,,,
MetaBoy #3255,https://nft.gamestop.com/token/0x1d006a27bd82e10f9194d30158d91201e9930420/0xf40b0246216dde5b7c27e47530cd8f930f2910446c31c4d31d35c2260043db17,67,Hat,Green Headphones,Body,Schoolgirl,Face,Bearded Cowboy,Neck,Red Bandana,Weapon,Golden Blades,Background,Cosmos,,,,,,,,,,,,,,,,,,,,
MetaBoy #4964,https://nft.gamestop.com/token/0x1d006a27bd82e10f9194d30158d91201e9930420/0x5c22d7b1abf3c2e3ae26f7e6f5599369e701cbe24ca54efce85e62d30039b0ba,68,Hat,Jester Hat,Body,Schoolboy,Face,Neon Face,Neck,Red Bandana,Weapon,Kunai,Background,Cosmos,,,,,,,,,,,,,,,,,,,,
MetaBoy #2999,https://nft.gamestop.com/token/0x1d006a27bd82e10f9194d30158d91201e9930420/0xa68d4f5b4e6022df076e568c45fa2fca0bb3827d0ea765e7f83a3769a641192d,68,Body,Schoolgirl,Face,Empty Face,Waist,Satchel,Weapon,Bow,Background,Cosmos,,,,,,,,,,,,,,,,,,,,,,
MetaBoy #1324,https://nft.gamestop.com/token/0x1d006a27bd82e10f9194d30158d91201e9930420/0x570591cb0ca2140f93c5997abe75dda5f6c9bc1c0f4526ecadfd150c05176f92,68,Body,Schoolgirl,Face,Happy Face,Waist,Belt Empty Holsters,Weapon,Laser Guns,Background,Cosmos,,,,,,,,,,,,,,,,,,,,,,
MetaBoy #2565,https://nft.gamestop.com/token/0x1d006a27bd82e10f9194d30158d91201e9930420/0x1b0e863d126fbb964af6c8cd5c9d1c5ce07476ebe28a3012eebc8507be801f99,71,Hat,Hat Blue,Body,Schoolgirl,Face,Smiling Skull,Weapon,Gravity Gun,Background,Cosmos,,,,,,,,,,,,,,,,,,,,,,
MetaBoy #8777,https://nft.gamestop.com/token/0x1d006a27bd82e10f9194d30158d91201e9930420/0x53829825e7d9cebbd221dfc6d84ad1eb67c1f3865539c7e5d113369d17a41049,73,Hat,Winged Helmet,Body,Schoolboy,Face,Big Chin,Neck,Fur Cape,Waist,Belt Empty Holsters,Weapon,Cowboy Two Pistols,Background,Cosmos,,,,,,,,,,,,,,,,,,
MetaBoy #8147,https://nft.gamestop.com/token/0x1d006a27bd82e10f9194d30158d91201e9930420/0xfa7a1f8934d1f4a455e329e07a93dda3fcb0b8d03f07883dbf81b625a4af07be,74,Hat,Astronaut Helmet,Body,Open Jacket,Face,OoO,Weapon,Energy Sword,Background,Cosmos,,,,,,,,,,,,,,,,,,,,,,
MetaBoy #5055,https://nft.gamestop.com/token/0x1d006a27bd82e10f9194d30158d91201e9930420/0xfcf6536ad34239f703d798426f58589cb3f208143527c59e83225e130a0fe64c,75,Hat,Pirate Hat,Body,Cowboy,Face,Neon Face,Weapon,Wrist Straps,Background,Cosmos,,,,,,,,,,,,,,,,,,,,,,
MetaBoy #9465,https://nft.gamestop.com/token/0x1d006a27bd82e10f9194d30158d91201e9930420/0x2f59650eb6257cdc8135de16e48891290f15ec89faec06cd72271b036417d7ce,77,Hat,Ribbon,Body,Yellow Overalls,Face,Monocle,Neck,Skull Bandana,Weapon,Blade,Background,Cosmos,,,,,,,,,,,,,,,,,,,,
MetaBoy #4549,https://nft.gamestop.com/token/0x1d006a27bd82e10f9194d30158d91201e9930420/0xbca657427522a906451df33155b73e03e9db4cb546c3820b5609c33d120c6770,78,Hat,Hat Blue,Body,Schoolgirl,Face,OoO,Weapon,Bazooka,Background,Cosmos,,,,,,,,,,,,,,,,,,,,,,
MetaBoy #1996,https://nft.gamestop.com/token/0x1d006a27bd82e10f9194d30158d91201e9930420/0xf48e944e42cbd05f0a1ebef679a68213a3f6b59255cb372443192c67f16c8536,78,Hat,Leafs,Body,Schoolgirl,Face,Demon,Neck,Red Bandana,Waist,Belt with Both Pistols,Weapon,Bazooka,Background,Cosmos,,,,,,,,,,,,,,,,,,
MetaBoy #2464,https://nft.gamestop.com/token/0x1d006a27bd82e10f9194d30158d91201e9930420/0x6f17e39cc0551d99c7269ff6d4fd6d99276c1e86e1032db4077bf1d251602708,79,Hat,Beret Hat,Body,Suit,Face,Double Chin,Weapon,Golden Sword,Background,Cosmos,,,,,,,,,,,,,,,,,,,,,,
MetaBoy #1465,https://nft.gamestop.com/token/0x1d006a27bd82e10f9194d30158d91201e9930420/0x6d400e52f4efe485e5c33e16c53c531406e153a28da9d091223441797d7d9e80,79,Hat,Warrior Helmet,Body,Schoolboy,Face,Sad,Weapon,Bazooka,Background,Cosmos,,,,,,,,,,,,,,,,,,,,,,
MetaBoy #3254,https://nft.gamestop.com/token/0x1d006a27bd82e10f9194d30158d91201e9930420/0x0e53a5a194c71977e3358218bab122b7027cd6829a3bf399e94db5f95ae53b27,80,Hat,Sea Captain Hat,Back,Golden Wings,Body,Nobleman,Face,Big Teeth,Neck,Skull Bandana,Waist,Belt Empty Holsters,Weapon,Cowboy Two Pistols,Background,Cosmos,,,,,,,,,,,,,,,,
MetaBoy #8524,https://nft.gamestop.com/token/0x1d006a27bd82e10f9194d30158d91201e9930420/0x41618b9f2e6f0975ec3e26b5a781da9925aa5e3a69ff17941a01e19396a9b227,80,Hat,Halo,Body,Schoolboy,Face,Huge Smile,Weapon,Boxing Gloves,Background,Cosmos,,,,,,,,,,,,,,,,,,,,,,
MetaBoy #6372,https://nft.gamestop.com/token/0x1d006a27bd82e10f9194d30158d91201e9930420/0xe91a6373c01f19a7ec64fe4b84a631f5e8ebd7c1596332b6c65bf376d787dba0,81,Body,Light Blue,Face,Happy Girl,Weapon,Snail Shell,Background,Cosmos,,,,,,,,,,,,,,,,,,,,,,,,
MetaBoy #894,https://nft.gamestop.com/token/0x1d006a27bd82e10f9194d30158d91201e9930420/0xc53c3bf4f655c20900a4fa8603f13feb2dc705547cd9658e2000fd790101db32,81,Body,Schoolboy,Face,Seducing,Neck,Medallion Necklace,Weapon,Robot Claw,Background,Cosmos,,,,,,,,,,,,,,,,,,,,,,
MetaBoy #8642,https://nft.gamestop.com/token/0x1d006a27bd82e10f9194d30158d91201e9930420/0x0b33b05f1666c5e9f75416bc279b3fb74d84f6651a68fbb2d0bcdf73be981be5,82,Hat,Lion Hat,Body,Prisoner,Face,Smiling Skull,Neck,Black Scarf,Weapon,Zombie Hands,Background,Cosmos,,,,,,,,,,,,,,,,,,,,
MetaBoy #5153,https://nft.gamestop.com/token/0x1d006a27bd82e10f9194d30158d91201e9930420/0x555642e8b69f32b6b81a55c5300e6e58726993a1b5abbb2ac3fd834ef96c76fc,82,Hat,Leafs,Body,Schoolgirl,Face,Bearded Cowboy,Waist,Belt Empty Holsters,Weapon,Cowboy Two Pistols,Background,Cosmos,,,,,,,,,,,,,,,,,,,,
MetaBoy #1232,https://nft.gamestop.com/token/0x1d006a27bd82e10f9194d30158d91201e9930420/0x3d7be393dec8801166af280def83843dcb1108f2339f34d92e85877c92898d58,83,Hat,Hat Orange,Body,Lifeguard,Face,Bearded Cowboy,Weapon,Dark Staff,Background,Cosmos,,,,,,,,,,,,,,,,,,,,,,
MetaBoy #8310,https://nft.gamestop.com/token/0x1d006a27bd82e10f9194d30158d91201e9930420/0xf16b6ed3793c59ea07c521122fff7c3ca3604ac5214189809b7a2c83f9dff8a7,83,Body,Biker,Face,Huge Smile,Neck,Black Scarf,Weapon,Lightning,Background,Cosmos,,,,,,,,,,,,,,,,,,,,,,
MetaBoy #8451,https://nft.gamestop.com/token/0x1d006a27bd82e10f9194d30158d91201e9930420/0xaf6e26a2b914c045f69d9c4a7fcde9c8eb2d4301479c49dbb1964a607ca9b518,83,Hat,Red Mowhawk,Body,Bread Slice,Face,Whatever,Waist,Belt with Both Pistols,Weapon,Sai,Background,Cosmos,,,,,,,,,,,,,,,,,,,,
MetaBoy #408,https://nft.gamestop.com/token/0x1d006a27bd82e10f9194d30158d91201e9930420/0x69683581ca8e7eb13cea377f8d3c2b6f96afdd2baac47a22bbde2d8394309608,84,Hat,Plague Doctor Hat,Body,Prisoner,Face,Crazy,Neck,Red Cape,Weapon,Harpoon,Background,Cosmos,,,,,,,,,,,,,,,,,,,,
MetaBoy #9653,https://nft.gamestop.com/token/0x1d006a27bd82e10f9194d30158d91201e9930420/0xd9ba93f68fcd7dbff792bbcfed5dfb87f47860a10169ec9dac958b04d56133eb,84,Hat,Ribbon,Body,Yellow Overalls,Face,Female Villian,Waist,Belt Empty Holsters,Weapon,Wrist Straps,Background,Cosmos,,,,,,,,,,,,,,,,,,,,
MetaBoy #4933,https://nft.gamestop.com/token/0x1d006a27bd82e10f9194d30158d91201e9930420/0x059840ab01736c8bb3099606aec1937d5d595d53eb7bbe3ce9fd3d9682531e25,84,Hat,Hat Blue,Body,Suspenders,Face,Whatever,Weapon,Trident,Background,Cosmos,,,,,,,,,,,,,,,,,,,,,,
MetaBoy #8864,https://nft.gamestop.com/token/0x1d006a27bd82e10f9194d30158d91201e9930420/0xb71baefe2c040dfdcb8b0fe24234c64e0d190e7ac8d7f9e24179ff4ce16eadad,86,Hat,Wizard Hat,Body,Camouflage,Face,Big Moustashe,Weapon,Bow,Background,Cosmos,,,,,,,,,,,,,,,,,,,,,,
MetaBoy #9397,https://nft.gamestop.com/token/0x1d006a27bd82e10f9194d30158d91201e9930420/0x88e39a7589a8eab1825c169812f52b5de62386421e983d6b32d59cf4ac87f67b,87,Hat,Purple Mowhawk,Body,Schoolgirl,Face,Monster,Weapon,Katana,Background,Cosmos,,,,,,,,,,,,,,,,,,,,,,
MetaBoy #4016,https://nft.gamestop.com/token/0x1d006a27bd82e10f9194d30158d91201e9930420/0x3ad270f16541e6f61244395a2a7b095994e457c728c93c26534a94ca2b5e0b88,87,Hat,Astronaut Helmet,Body,Tiger,Face,Holding a Laugh,Weapon,Katana,Background,Cosmos,,,,,,,,,,,,,,,,,,,,,,
MetaBoy #4446,https://nft.gamestop.com/token/0x1d006a27bd82e10f9194d30158d91201e9930420/0x3eedc309ae81e9ad890feacd6cfc0ae1647659933f5599a9cb5b47677360c512,88,Hat,Pirate Hat,Body,Explorer,Face,Cat,Neck,Skull Bandana,Weapon,Medusas Head,Background,Cosmos,,,,,,,,,,,,,,,,,,,,
MetaBoy #1172,https://nft.gamestop.com/token/0x1d006a27bd82e10f9194d30158d91201e9930420/0x3727bc797c9545aecec177042cc9c67c1421f0cd08e7a85730b3725d4dbfeab6,88,Hat,Beret Hat,Body,Neon Solid,Face,Handsome Face,Waist,Satchel,Weapon,Side Gun,Background,Cosmos,,,,,,,,,,,,,,,,,,,,
MetaBoy #955,https://nft.gamestop.com/token/0x1d006a27bd82e10f9194d30158d91201e9930420/0xd83ae39d4abcd977784322851799e0623e7c8feef9ab6101749344bdbc399afe,88,Hat,Ribbon,Body,Schoolboy,Face,Smiling Zombie,Weapon,Cowboy Left Pistol,Background,Cosmos,,,,,,,,,,,,,,,,,,,,,,
MetaBoy #3185,https://nft.gamestop.com/token/0x1d006a27bd82e10f9194d30158d91201e9930420/0xf1137eb8332ed0f9a1464abe6b8b4c002ede9776f8b0702e8cb944299174ffce,88,Hat,Arrow Through Head,Body,Schoolboy,Face,Rosy Cheeks,Weapon,Slingshot,Background,Cosmos,,,,,,,,,,,,,,,,,,,,,,
MetaBoy #4698,https://nft.gamestop.com/token/0x1d006a27bd82e10f9194d30158d91201e9930420/0xbaf2d55f4af69b312df954af8578797715c7ca2526098e96f9e30c25c93ed017,89,Hat,Halo,Body,Santa Claus,Face,6_6,Neck,Black Scarf,Weapon,Kunai,Background,Cosmos,,,,,,,,,,,,,,,,,,,,
MetaBoy #3336,https://nft.gamestop.com/token/0x1d006a27bd82e10f9194d30158d91201e9930420/0x1fc916b4f9e67aaa1cd6c52e6e4ba723e65854f1233ff93c0adfab7d8f7e0dc2,89,Hat,Cowboy Hat,Body,Schoolgirl,Face,Sad,Neck,Medallion Necklace,Weapon,Elder Wand,Background,Cosmos,,,,,,,,,,,,,,,,,,,,
MetaBoy #9850,https://nft.gamestop.com/token/0x1d006a27bd82e10f9194d30158d91201e9930420/0xf27cb1deeecb6992591d4c4e0816b6c17689d462a35f2b579f40c687e617183b,89,Body,Schoolgirl,Face,Big Moustashe,Weapon,Wrist Straps,Background,Cosmos,,,,,,,,,,,,,,,,,,,,,,,,
MetaBoy #6787,https://nft.gamestop.com/token/0x1d006a27bd82e10f9194d30158d91201e9930420/0xb879f513459da1d46364fb4fa33a04e6d7ca411846125e13bab9027a8c915402,93,Hat,Leafs,Body,Camouflage,Face,Serious,Waist,Chain Belt,Weapon,Zombie Hands,Background,Cosmos,,,,,,,,,,,,,,,,,,,,
MetaBoy #9012,https://nft.gamestop.com/token/0x1d006a27bd82e10f9194d30158d91201e9930420/0x8b7605a5974638311f9572457d540a290df0bd8d8923f3bf2b8aaedc609571ed,93,Hat,Arrow Through Head,Body,Lumberjack,Face,Sad Zombie,Waist,Belt Empty Holsters,Weapon,Cowboy Two Pistols,Background,Cosmos,,,,,,,,,,,,,,,,,,,,
MetaBoy #8760,https://nft.gamestop.com/token/0x1d006a27bd82e10f9194d30158d91201e9930420/0xd628f75c65e4396f0b5620ad97893a38409e14da1659fc67de1ec18c537abd0f,94,Hat,Hat Blue,Body,Goth Girl,Face,Tongue Out,Neck,Binoculars,Waist,Belt with Right Pistol,Weapon,Cowboy Left Pistol,Background,Cosmos,,,,,,,,,,,,,,,,,,
MetaBoy #5919,https://nft.gamestop.com/token/0x1d006a27bd82e10f9194d30158d91201e9930420/0x3565d254ed840e067d87c761f1906ba3ee96b6e1a898e02bebed8c9dd51b2b8e,94,Hat,Russian Hat,Body,Wood,Face,Whatever,Weapon,Medusas Head,Background,Cosmos,,,,,,,,,,,,,,,,,,,,,,
MetaBoy #7092,https://nft.gamestop.com/token/0x1d006a27bd82e10f9194d30158d91201e9930420/0xac2a8ee96df89074ca6d0d9b1bd7e66d117c67126cc9de1cedd251f111abef24,94,Hat,Green Headphones,Body,Country,Face,Glasses,Weapon,Yatagan,Background,Cosmos,,,,,,,,,,,,,,,,,,,,,,
MetaBoy #4516,https://nft.gamestop.com/token/0x1d006a27bd82e10f9194d30158d91201e9930420/0xfef98c65ed996624ed0fb8a76c914f09260feb53b5b23c7683ba8cd834f22749,94,Hat,Dark Hoodie,Body,Tiger,Face,Surprised,Waist,Belt with Right Pistol,Weapon,Cowboy Right Pistol,Background,Cosmos,,,,,,,,,,,,,,,,,,,,
MetaBoy #3475,https://nft.gamestop.com/token/0x1d006a27bd82e10f9194d30158d91201e9930420/0xf7bef925df55df8aff4510c3507ef37c8ec844a93e513252a89bab9ab5cfbe7b,94,Body,Schoolboy,Face,Big Chin,Weapon,Sniper,Background,Cosmos,,,,,,,,,,,,,,,,,,,,,,,,
MetaBoy #5090,https://nft.gamestop.com/token/0x1d006a27bd82e10f9194d30158d91201e9930420/0x3ecd5099991b7ef7e814a2f6a6c0106118a7a9ffd731d8642e0989fe656e1ec8,96,Hat,Samurai Helmet,Back,Angel Wings,Body,Schoolboy,Face,Whatever,Neck,Binoculars,Weapon,Hook,Background,Cosmos,,,,,,,,,,,,,,,,,,
MetaBoy #322,https://nft.gamestop.com/token/0x1d006a27bd82e10f9194d30158d91201e9930420/0xad74ff020f0ccb9da8ca7b42e7492d2273fe99b6b1ea62bd8783c6cf2d99ec3c,97,Body,Cowboy,Face,Crazy,Neck,Red Bandana,Weapon,Kunai,Background,Cosmos,,,,,,,,,,,,,,,,,,,,,,
MetaBoy #6824,https://nft.gamestop.com/token/0x1d006a27bd82e10f9194d30158d91201e9930420/0x57d184b0c4b2f5169b943f54efa2a2c1dcfc6f9495e9ce0aaab7034eeefde8c1,97,Body,Schoolgirl,Face,Huge Smile,Weapon,Spear and Shield,Background,Cosmos,,,,,,,,,,,,,,,,,,,,,,,,
MetaBoy #1168,https://nft.gamestop.com/token/0x1d006a27bd82e10f9194d30158d91201e9930420/0xc7467a7d9f640946d6b4c790d9b661cf90b7b3212672d3e27f049a49c6197bf9,98,Hat,Dark Purple Wizard Hat,Body,Schoolgirl,Face,Rosy Cheeks,Neck,Skull Bandana,Weapon,Dark Staff,Background,Cosmos,,,,,,,,,,,,,,,,,,,,
MetaBoy #7948,https://nft.gamestop.com/token/0x1d006a27bd82e10f9194d30158d91201e9930420/0xfd83c01fbd5dbef508bd4c7b7c72bd1096542753183ba21994b21f72fccbd19a,100,Hat,Yellow Hat,Body,Lizard,Face,Goatee,Weapon,Zombie Hands,Background,Cosmos,,,,,,,,,,,,,,,,,,,,,,
MetaBoy #947,https://nft.gamestop.com/token/0x1d006a27bd82e10f9194d30158d91201e9930420/0x666b858a570a08c0fe3938df68ee79d6e04640e528d48560bd7a4af377ca2080,100,Body,Schoolgirl,Face,Crying,Waist,Belt Empty Holsters,Weapon,Cowboy Two Pistols,Background,Cosmos,,,,,,,,,,,,,,,,,,,,,,
MetaBoy #1605,https://nft.gamestop.com/token/0x1d006a27bd82e10f9194d30158d91201e9930420/0x6349e201a6ce2599a3a8e33e0de9c345be885ba44e285882d431ac2fb6ac803f,100,Hat,Plague Doctor Hat,Body,Schoolboy,Face,Neon Face,Weapon,Katana,Background,Cosmos,,,,,,,,,,,,,,,,,,,,,,
MetaBoy #3021,https://nft.gamestop.com/token/0x1d006a27bd82e10f9194d30158d91201e9930420/0x8beb390975b207aaa4632fdfd7089b3ec9231b26c03e1223480233304b03a72b,101,Hat,Halo,Back,Sai Backpack,Body,Supervillain,Face,404 Face,Waist,Belt Empty Holsters,Weapon,Cowboy Two Pistols,Background,Cosmos,,,,,,,,,,,,,,,,,,
MetaBoy #384,https://nft.gamestop.com/token/0x1d006a27bd82e10f9194d30158d91201e9930420/0x591b61a9b3873799a10f4e2ff0e2b5a1548c2fe2490bcf199815d051b470a569,102,Hat,Green Mowhawk,Body,Schoolgirl,Face,Dumb Laugh,Waist,Belt Empty Holsters,Weapon,Cowboy Two Pistols,Background,Cosmos,,,,,,,,,,,,,,,,,,,,
MetaBoy #6217,https://nft.gamestop.com/token/0x1d006a27bd82e10f9194d30158d91201e9930420/0x557877eb98583b0955bbcc3e2f753900ef510fac2e055298cea794130987260a,102,Hat,Bunny Ears,Body,Schoolgirl,Face,Cat,Waist,Belt with Right Pistol,Weapon,Cowboy Left Pistol,Background,Cosmos,,,,,,,,,,,,,,,,,,,,
MetaBoy #5749,https://nft.gamestop.com/token/0x1d006a27bd82e10f9194d30158d91201e9930420/0x93e9d1e37fadbea936e7e87fa5a3d256e0137a1cfba874fda99ef5196ffba9ec,102,Hat,Skull Top Hat,Body,Schoolgirl,Face,Crying,Weapon,Slingshot,Background,Cosmos,,,,,,,,,,,,,,,,,,,,,,
MetaBoy #8355,https://nft.gamestop.com/token/0x1d006a27bd82e10f9194d30158d91201e9930420/0x2b9d921e7ca97975693003779c8a26dccc5dc64735e6ebdcc8f3aacb16caaea9,102,Hat,Warrior Helmet,Body,Yellow Overalls,Face,Rosy Cheeks,Weapon,Bazooka,Background,Cosmos,,,,,,,,,,,,,,,,,,,,,,
MetaBoy #6816,https://nft.gamestop.com/token/0x1d006a27bd82e10f9194d30158d91201e9930420/0x92b80abe722fe0e99131af3798c547cf9188dd226b4c88933349a9347e9f384b,104,Body,Schoolgirl,Face,404 Face,Weapon,Sai,Background,Cosmos,,,,,,,,,,,,,,,,,,,,,,,,
MetaBoy #6725,https://nft.gamestop.com/token/0x1d006a27bd82e10f9194d30158d91201e9930420/0x129dcc7f666cb87530c04a611abdb361adcaab0b73b5a8cd9034f5f1c504cfd2,107,Body,Country,Face,Monocle,Waist,Belt Empty Holsters,Weapon,Bazooka,Background,Cosmos,,,,,,,,,,,,,,,,,,,,,,
MetaBoy #3942,https://nft.gamestop.com/token/0x1d006a27bd82e10f9194d30158d91201e9930420/0xc2b0589e058d1262729ff884a2acff5998e1615ed672f0e63d860391b45e641d,107,Hat,Medic Hat,Body,Schoolboy,Face,Skull,Neck,Skull Bandana,Weapon,Wrist Straps,Background,Cosmos,,,,,,,,,,,,,,,,,,,,
MetaBoy #7278,https://nft.gamestop.com/token/0x1d006a27bd82e10f9194d30158d91201e9930420/0x2397a42fa5bf76e5a326cdfbb421ed0978ed2e09e4c93d1ba19b8330d5efb8e2,107,Body,Prisoner,Face,Bearded Cowboy,Neck,Skull Bandana,Weapon,Bow and Arrow,Background,Cosmos,,,,,,,,,,,,,,,,,,,,,,
MetaBoy #5501,https://nft.gamestop.com/token/0x1d006a27bd82e10f9194d30158d91201e9930420/0xc26b0d9f2fc554bee6ffa3a428d838a4bf7290ab47fd0c5c71b6d17d7ccf4bcb,107,Hat,Arrow Through Head,Body,Nobleman,Face,Cat,Neck,Black Scarf,Weapon,Hook,Background,Cosmos,,,,,,,,,,,,,,,,,,,,
MetaBoy #4957,https://nft.gamestop.com/token/0x1d006a27bd82e10f9194d30158d91201e9930420/0xd07fbedcacadca148831b8c16d753a2926ff0069fd26762780e2ed625cca128c,108,Body,Lifeguard,Face,Seducing,Weapon,Daggers,Background,Cosmos,,,,,,,,,,,,,,,,,,,,,,,,
MetaBoy #1584,https://nft.gamestop.com/token/0x1d006a27bd82e10f9194d30158d91201e9930420/0xeeb8ed8e0faa95516e7bfe65f1a1d76d9129402d2e00cc75b95738f835d7d532,108,Body,Prisoner,Face,Empty Face,Neck,Red Bandana,Waist,Belt with Right Pistol,Weapon,Cowboy Left Pistol,Background,Cosmos,,,,,,,,,,,,,,,,,,,,
MetaBoy #6929,https://nft.gamestop.com/token/0x1d006a27bd82e10f9194d30158d91201e9930420/0x7538d79b9ccb1fbcff9aa22ec786339ff93520d8ef1dd8fbb4283667ea4bffd6,108,Hat,Winged Helmet,Body,Schoolgirl,Face,Dog,Weapon,Axe and Shield,Background,Cosmos,,,,,,,,,,,,,,,,,,,,,,
MetaBoy #8473,https://nft.gamestop.com/token/0x1d006a27bd82e10f9194d30158d91201e9930420/0xbd81be9952d3343322d636a74e0c252d2850f7c0f972083feac6d046098518d1,108,Hat,Pirate Hat,Body,Schoolboy,Face,Big Chin,Weapon,Wooden Staff,Background,Cosmos,,,,,,,,,,,,,,,,,,,,,,
MetaBoy #6025,https://nft.gamestop.com/token/0x1d006a27bd82e10f9194d30158d91201e9930420/0x11e8e2e08fe13df7d21ee4cfa37a12b0e5bc0b62d58c1d4d354fb19ee674e641,110,Back,Sword Backpack,Body,Schoolboy,Face,OoO,Weapon,Wrist Straps,Background,Cosmos,,,,,,,,,,,,,,,,,,,,,,
MetaBoy #193,https://nft.gamestop.com/token/0x1d006a27bd82e10f9194d30158d91201e9930420/0x8db4bfac731bce629dcba187cdea45e10f8ef344893f812c00589cede239d831,111,Body,Explorer,Face,Big Chin,Weapon,Hook,Background,Cosmos,,,,,,,,,,,,,,,,,,,,,,,,
MetaBoy #4849,https://nft.gamestop.com/token/0x1d006a27bd82e10f9194d30158d91201e9930420/0x853d9c2a3973256fe75fcdb5cd12ebd32cbe2db5fd74334660aabe24b24cd965,111,Hat,Pirate Hat,Body,Schoolgirl,Face,Whatever,Neck,Medallion Necklace,Weapon,Bow,Background,Cosmos,,,,,,,,,,,,,,,,,,,,
MetaBoy #8466,https://nft.gamestop.com/token/0x1d006a27bd82e10f9194d30158d91201e9930420/0xfb3805a15cd8be11a8f6d56b4258d535e2ec98e053992d5ee31a75f5a190af94,112,Hat,Sea Captain Hat,Body,Schoolboy,Face,404 Face,Waist,Belt Empty Holsters,Weapon,Cowboy Two Pistols,Background,Cosmos,,,,,,,,,,,,,,,,,,,,
MetaBoy #8079,https://nft.gamestop.com/token/0x1d006a27bd82e10f9194d30158d91201e9930420/0x8f0febeb8b319470941adb9c163d986dfc76fe088744c59482d1951f0340bb83,113,Hat,Detective Hat,Back,Sai Backpack,Body,Neon Solid,Face,Dumb Laugh,Weapon,Crowbar,Background,Cosmos,,,,,,,,,,,,,,,,,,,,
MetaBoy #9098,https://nft.gamestop.com/token/0x1d006a27bd82e10f9194d30158d91201e9930420/0x51ab585fc2e876c1277bfeff5a045fdbf6f5d9b295ad7daa37a8f38fe382ec1f,114,Body,Biker,Face,Handsome Face,Waist,Satchel,Weapon,Snail Shell,Background,Cosmos,,,,,,,,,,,,,,,,,,,,,,
MetaBoy #1019,https://nft.gamestop.com/token/0x1d006a27bd82e10f9194d30158d91201e9930420/0xb97fdc000bdf6a0dc7490cba68c2ba46772e6e2ff4be057dd1c0eab7abe5ca82,114,Body,Light Blue,Face,Double Chin,Weapon,Snail Shell,Background,Cosmos,,,,,,,,,,,,,,,,,,,,,,,,
MetaBoy #2426,https://nft.gamestop.com/token/0x1d006a27bd82e10f9194d30158d91201e9930420/0x511e22fd89e0efd1488ca17b65ce4a7b6c655d77c85a711f5ab10784bab418c6,114,Hat,Ribbon,Body,Schoolgirl,Face,Monocle,Weapon,Elder Wand,Background,Cosmos,,,,,,,,,,,,,,,,,,,,,,
MetaBoy #5773,https://nft.gamestop.com/token/0x1d006a27bd82e10f9194d30158d91201e9930420/0xa4557f8beeff4e95411c2fd575ec7f5bb986e111388291493a38ea87fa992ba8,114,Body,Schoolgirl,Face,Happy Face,Neck,Black Scarf,Weapon,Golden Blades,Background,Cosmos,,,,,,,,,,,,,,,,,,,,,,
MetaBoy #4858,https://nft.gamestop.com/token/0x1d006a27bd82e10f9194d30158d91201e9930420/0xb6fc481bb8498a668e26cd69edf407a7a2740e7594e084f4403147a1e71de7c3,115,Hat,Warrior Helmet,Body,Schoolboy,Face,Glasses,Waist,Potion Belt,Weapon,Axe and Shield,Background,Cosmos,,,,,,,,,,,,,,,,,,,,
MetaBoy #4839,https://nft.gamestop.com/token/0x1d006a27bd82e10f9194d30158d91201e9930420/0x74dbd5799a760acbbaeef9292d254ae17ba28c2861f3c64e5e8b594fb56a6385,116,Hat,Red Mowhawk,Body,Tiger,Face,Double Chin,Weapon,Golden Blades,Background,Cosmos,,,,,,,,,,,,,,,,,,,,,,
MetaBoy #1788,https://nft.gamestop.com/token/0x1d006a27bd82e10f9194d30158d91201e9930420/0x0460354940c6004ec19aeec3e1843557140cb2fd8db0c58459891bc085f15f77,116,Hat,Dark Hoodie,Body,Santa Claus,Face,Super Angry,Neck,Binoculars,Weapon,Hook,Background,Cosmos,,,,,,,,,,,,,,,,,,,,
MetaBoy #7379,https://nft.gamestop.com/token/0x1d006a27bd82e10f9194d30158d91201e9930420/0xb4428d5d41e338df5a42a4de37eed1c3a9cc68064cd868ad824d2eff001e8ff1,117,Hat,Viking Helmet,Body,Samurai,Face,Cyclops,Weapon,Chainsaw,Background,Cosmos,,,,,,,,,,,,,,,,,,,,,,
MetaBoy #6527,https://nft.gamestop.com/token/0x1d006a27bd82e10f9194d30158d91201e9930420/0xb305f93abd7ee348098127ed75390bd64575fed399c4990fec212df1dde427e8,118,Hat,Xmas Hat,Body,Turtle,Face,Monster,Waist,Warrior Belt,Weapon,Wrist Straps,Background,Cosmos,,,,,,,,,,,,,,,,,,,,
MetaBoy #3960,https://nft.gamestop.com/token/0x1d006a27bd82e10f9194d30158d91201e9930420/0x79418110671b23ebe8cc7c1ee91397b1c5917c418edfadd089def497766471f0,118,Body,Schoolboy,Face,Dog,Weapon,Slingshot,Background,Cosmos,,,,,,,,,,,,,,,,,,,,,,,,
MetaBoy #4810,https://nft.gamestop.com/token/0x1d006a27bd82e10f9194d30158d91201e9930420/0xbb986b2abf3c1e6b369964f6778e69a373b42961b27b6889676685f7a8efbafe,119,Hat,Winged Helmet,Body,Schoolboy,Face,Happy Clown,Weapon,Axe and Shield,Background,Cosmos,,,,,,,,,,,,,,,,,,,,,,
MetaBoy #9156,https://nft.gamestop.com/token/0x1d006a27bd82e10f9194d30158d91201e9930420/0x45fd882b829ebe1d52f3b4c4e4a9e4f56ef90285030a85ac9b73840ec58cf9f6,119,Hat,Astronaut Helmet,Body,Country,Face,Teeth Smile,Weapon,Bomb,Background,Cosmos,,,,,,,,,,,,,,,,,,,,,,
MetaBoy #7449,https://nft.gamestop.com/token/0x1d006a27bd82e10f9194d30158d91201e9930420/0xcf5eb7e6950d68645f3b9410d1ceb5fe1475f0e0e74c2f8ea608de36805b575c,119,Hat,Viking Helmet,Body,Underwater Suit,Face,Loud Crying,Weapon,Dynamite Stick,Background,Cosmos,,,,,,,,,,,,,,,,,,,,,,
MetaBoy #2864,https://nft.gamestop.com/token/0x1d006a27bd82e10f9194d30158d91201e9930420/0x15fe6b173139a7393d0527994a76b760f2baad1f093ef7ce700dccc1b20bc2fc,122,Hat,Hat Blue,Body,Yellow,Face,Monocle,Waist,Belt Empty Holsters,Weapon,Cowboy Two Pistols,Background,Cosmos,,,,,,,,,,,,,,,,,,,,
MetaBoy #7997,https://nft.gamestop.com/token/0x1d006a27bd82e10f9194d30158d91201e9930420/0x01501bd1f2db4e8d71340d27b56d9a1d05956ef7d797029277ad0209bc1fcf86,124,Back,Demon Wings,Body,Schoolgirl,Face,Teeth Smile,Weapon,Yatagan,Background,Cosmos,,,,,,,,,,,,,,,,,,,,,,
MetaBoy #5857,https://nft.gamestop.com/token/0x1d006a27bd82e10f9194d30158d91201e9930420/0xea30ba6e8e8427b6849b26e50219ffdd23127d0edc48c815b1ab6bb88a9b2129,124,Hat,Detective Hat,Body,Bread Slice,Face,Female Villian,Neck,Teeth Necklace,Weapon,Trident,Background,Cosmos,,,,,,,,,,,,,,,,,,,,
MetaBoy #9839,https://nft.gamestop.com/token/0x1d006a27bd82e10f9194d30158d91201e9930420/0xecb9c4fe1a917b8425c2a342c1e3bd9e4ed9b862ff83107eeefaa6395da1b792,124,Hat,Sea Captain Hat,Back,Demon Wings,Body,Wood,Face,Rosy Cheeks,Weapon,Kunai,Background,Cosmos,,,,,,,,,,,,,,,,,,,,
MetaBoy #876,https://nft.gamestop.com/token/0x1d006a27bd82e10f9194d30158d91201e9930420/0xfec0f2d0fba3374a11be249985a65ba883a50d8a1058fd1a253608a337800733,125,Hat,Arrow Through Head,Body,Schoolboy,Face,Neon Face,Waist,Fighter Belt,Weapon,Gravity Gun,Background,Cosmos,,,,,,,,,,,,,,,,,,,,
MetaBoy #1479,https://nft.gamestop.com/token/0x1d006a27bd82e10f9194d30158d91201e9930420/0xb9481db3181a1f2780be59bbabf70bd471b5a792f079524a2a047433c27e21bc,126,Hat,Hat Orange,Body,Santa Claus,Face,Got You,Weapon,Harpoon,Background,Cosmos,,,,,,,,,,,,,,,,,,,,,,
MetaBoy #5957,https://nft.gamestop.com/token/0x1d006a27bd82e10f9194d30158d91201e9930420/0x9196bc8eae97ec68d88bd72be5118799d6b26abbf10023b91ed3e3f976ced4a8,127,Hat,Chefs Hat,Back,Sword Backpack,Body,Schoolboy,Face,Holding a Laugh,Weapon,Robot Claw,Background,Cosmos,,,,,,,,,,,,,,,,,,,,
MetaBoy #2773,https://nft.gamestop.com/token/0x1d006a27bd82e10f9194d30158d91201e9930420/0xd10af6395a082d31b3d3a60ad3f40ecf721632aa6b56b2a860fad86141d61ba1,127,Hat,Lion Hat,Body,Schoolgirl,Face,Viper,Weapon,Zombie Hands,Background,Cosmos,,,,,,,,,,,,,,,,,,,,,,
MetaBoy #6336,https://nft.gamestop.com/token/0x1d006a27bd82e10f9194d30158d91201e9930420/0xfd6d2cd0124b4c2e3fb118e8f2bae46ce8b450499213a079fa105d6ccbaf0ae8,128,Body,Open Jacket,Face,Got You,Weapon,Axe and Shield,Background,Cosmos,,,,,,,,,,,,,,,,,,,,,,,,
MetaBoy #4331,https://nft.gamestop.com/token/0x1d006a27bd82e10f9194d30158d91201e9930420/0x1f3b4c11b0c83dca6e792c63b685164fbf254dc65f2254cadcb49854d45d19cd,130,Hat,Red Mowhawk,Body,Santa Claus,Face,Holding a Laugh,Weapon,Chainsaw,Background,Cosmos,,,,,,,,,,,,,,,,,,,,,,
MetaBoy #9346,https://nft.gamestop.com/token/0x1d006a27bd82e10f9194d30158d91201e9930420/0x4c7384ab6cfcda3a4f8e16f0e1d4e5152def67bc6d8e343cbdf408891cdff3fa,130,Hat,Purple Mowhawk,Body,Schoolgirl,Face,Cat,Face1,Tongue out5,Weapon,Axe and Shield,Background,Cosmos,WeapoBackgroundn,Pirate Ship,,,,,,,,,,,,,,,,,,
MetaBoy #4919,https://nft.gamestop.com/token/0x1d006a27bd82e10f9194d30158d91201e9930420/0xd4b901c74e13cc0450db19a2036f010e185d4a5429cbdc1a62f2e2aeb87bcc2b,131,Hat,Dark Purple Wizard Hat,Body,Wood,Face,Rosy Cheeks,Waist,Belt with Left Pistol,Weapon,Cowboy Right Pistol,Background,Cosmos,,,,,,,,,,,,,,,,,,,,
MetaBoy #2793,https://nft.gamestop.com/token/0x1d006a27bd82e10f9194d30158d91201e9930420/0xefca26c1ade416fd948acfd68c1db58c18262f2f8306a4575c291e9e4b04d8de,131,Hat,Underwater Helmet,Back,Golden Wings,Body,Schoolboy,Face,Dog,Waist,Potion Belt,Weapon,Kunai,Background,Cosmos,,,,,,,,,,,,,,,,,,
MetaBoy #2309,https://nft.gamestop.com/token/0x1d006a27bd82e10f9194d30158d91201e9930420/0x3b3baa32a4110c1c790d3328632d12e7aaa9afa1e6731be350ed984b1d95eba3,131,Body,Schoolgirl,Face,Furious Face,Waist,Satchel,Weapon,Zombie Hands,Background,Cosmos,,,,,,,,,,,,,,,,,,,,,,
MetaBoy #8131,https://nft.gamestop.com/token/0x1d006a27bd82e10f9194d30158d91201e9930420/0xe3c0e12439267418a64700f21c9c62178efab28c35be6b88cc5ab78216b5c3fb,132,Body,Suit,Face,Big Moustashe,Weapon,Side Gun,Background,Cosmos,,,,,,,,,,,,,,,,,,,,,,,,
MetaBoy #9225,https://nft.gamestop.com/token/0x1d006a27bd82e10f9194d30158d91201e9930420/0x5917fd4e902952e90d5ae05a7afce12ce7fdd24ee2f74c97c1155c5c5c6232d3,133,Hat,Green Mowhawk,Back,Fireball,Body,Yellow,Face,Bearded Cowboy,Weapon,Bazooka,Background,Cosmos,,,,,,,,,,,,,,,,,,,,
MetaBoy #7113,https://nft.gamestop.com/token/0x1d006a27bd82e10f9194d30158d91201e9930420/0x4d4f9ba5d58f850459ae967a9aec018ae0d1f603e3dacb42736d70e82e1410af,134,Hat,Chefs Hat,Body,Schoolgirl,Face,404 Face,Weapon,Sai,Background,Cosmos,,,,,,,,,,,,,,,,,,,,,,
MetaBoy #5682,https://nft.gamestop.com/token/0x1d006a27bd82e10f9194d30158d91201e9930420/0x5d34df9d7764defc1983c8495ff6d6447e87303dbf0d4798798e963d8e489eaa,134,Hat,Hat Orange,Body,Schoolboy,Face,Sad,Weapon,Sniper,Background,Cosmos,,,,,,,,,,,,,,,,,,,,,,
MetaBoy #2848,https://nft.gamestop.com/token/0x1d006a27bd82e10f9194d30158d91201e9930420/0x9f174688140dd004e564635ea4a4c6b27d2fd6d7d7d4f8bc0ea65918d201cb23,135,Hat,Astronaut Helmet,Back,Sai Backpack,Body,Zombie,Face,Angry,Weapon,Side Gun,Background,Cosmos,,,,,,,,,,,,,,,,,,,,
MetaBoy #6665,https://nft.gamestop.com/token/0x1d006a27bd82e10f9194d30158d91201e9930420/0x93b289aade21cf248d3ca7116c6f6b421736bb65a4515f1b81c56576471275fb,136,Body,Schoolboy,Face,Big Teeth,Neck,Dog Tags,Weapon,Slingshot,Background,Cosmos,,,,,,,,,,,,,,,,,,,,,,
MetaBoy #3978,https://nft.gamestop.com/token/0x1d006a27bd82e10f9194d30158d91201e9930420/0xb4d92e389c544f1f0eb39591e3287ee5c246b9ffe0b370de4077e027037c0993,138,Hat,Hat Orange,Body,Schoolboy,Face,Sweet,Waist,Belt Empty Holsters,Weapon,Cowboy Two Pistols,Background,Cosmos,,,,,,,,,,,,,,,,,,,,
MetaBoy #7150,https://nft.gamestop.com/token/0x1d006a27bd82e10f9194d30158d91201e9930420/0x151782b783844048e08630e3816b75e5f178bfdea1ad71ea39fe26f315387a3d,139,Hat,Bunny Ears,Body,Open Jacket,Face,Sweet,Weapon,Snail Shell,Background,Cosmos,,,,,,,,,,,,,,,,,,,,,,
MetaBoy #828,https://nft.gamestop.com/token/0x1d006a27bd82e10f9194d30158d91201e9930420/0x346deb8bdc1be853babf6d6bc1c935f893319c20bd2d5b9e10e204bfb5979a77,139,Body,Mom Jeans,Face,Furious Face,Weapon,Daggers,Background,Cosmos,,,,,,,,,,,,,,,,,,,,,,,,
MetaBoy #1803,https://nft.gamestop.com/token/0x1d006a27bd82e10f9194d30158d91201e9930420/0xbbe75b9f761818b9e3f364fc0108e85e71751b7fec3270547ccd8d8abedf6739,140,Hat,Dark Purple Wizard Hat,Body,Schoolgirl,Face,Angry,Neck,Black Scarf,Waist,Grenade Belt,Weapon,Wrist Straps,Background,Cosmos,,,,,,,,,,,,,,,,,,
MetaBoy #2632,https://nft.gamestop.com/token/0x1d006a27bd82e10f9194d30158d91201e9930420/0x94cf1f9c2541ee6ca78b90f9c11802742b4611b1f63274fc2d32fe4868df7e14,140,Hat,Fedora,Back,Sword Backpack,Body,Nobleman,Face,Sweet,Weapon,Bomb,Background,Cosmos,,,,,,,,,,,,,,,,,,,,
MetaBoy #6978,https://nft.gamestop.com/token/0x1d006a27bd82e10f9194d30158d91201e9930420/0x41c8e5fc963090c7d093b4c9debc61a4e2e652f6210a2ba70896cb47ae305f3d,140,Hat,Plague Doctor Hat,Back,Sai Backpack,Body,Light Blue,Face,Confused,Weapon,Gravity Gun,Background,Cosmos,,,,,,,,,,,,,,,,,,,,
MetaBoy #2568,https://nft.gamestop.com/token/0x1d006a27bd82e10f9194d30158d91201e9930420/0xc39f6830ba8147c1e5152abf7cebc953ec4dc95969fc31719f9c8f44779e81c1,141,Body,Supervillain,Face,Skull,Weapon,Neon Transparent,Background,Cosmos,,,,,,,,,,,,,,,,,,,,,,,,
MetaBoy #5581,https://nft.gamestop.com/token/0x1d006a27bd82e10f9194d30158d91201e9930420/0x2b5f65497c6b7db08357ecc9508ff58c75e1a25b33b34b31de0ef691652e6559,142,Hat,Leafs,Body,Yellow Overalls,Face,6_6,Weapon,Golden Blades,Background,Cosmos,,,,,,,,,,,,,,,,,,,,,,
MetaBoy #263,https://nft.gamestop.com/token/0x1d006a27bd82e10f9194d30158d91201e9930420/0xaf8ac2175cf3740a0ecddab82e7d54cc1d8efe9387cf335e467059a3ae70cf5b,143,Back,Sword Backpack,Body,Red Dress,Face,Confused,Weapon,Wrist Straps,Background,Cosmos,,,,,,,,,,,,,,,,,,,,,,
MetaBoy #5734,https://nft.gamestop.com/token/0x1d006a27bd82e10f9194d30158d91201e9930420/0x37c9d9bd56726173a947c6dee6f26badcf2c296447401034d656c5da1a19e6d4,143,Body,Schoolgirl,Face,Dumb Laugh,Neck,Arrow Quiver,Waist,Belt with Left Pistol,Weapon,Blade,Background,Cosmos,,,,,,,,,,,,,,,,,,,,
MetaBoy #9513,https://nft.gamestop.com/token/0x1d006a27bd82e10f9194d30158d91201e9930420/0xc1dacf2898d23bd2aaa6015c1fc887a6d04db81de64406fa24efb4fc6c875e5e,145,Hat,Cowboy Hat,Back,Sword Backpack,Body,Schoolgirl,Face,Confused,Weapon,Wrist Straps,Background,Cosmos,,,,,,,,,,,,,,,,,,,,
MetaBoy #5064,https://nft.gamestop.com/token/0x1d006a27bd82e10f9194d30158d91201e9930420/0x2d5dbd4ef3843318cb76482c3427d39595c9c64e51c3bcb2d75744b3fccb8f2f,147,Body,Underwater Suit,Face,OoO,Neck,Skull Bandana,Weapon,Chainsaw,Background,Cosmos,,,,,,,,,,,,,,,,,,,,,,
MetaBoy #7878,https://nft.gamestop.com/token/0x1d006a27bd82e10f9194d30158d91201e9930420/0x95e48a8d9a98cd8ef191b2e9b35a4bd1213197edfaf87e03a0691e1ce2d02494,148,Hat,Arrow Through Head,Body,Schoolgirl,Face,Big Teeth,Weapon,Chainsaw,Background,Cosmos,,,,,,,,,,,,,,,,,,,,,,
MetaBoy #5494,https://nft.gamestop.com/token/0x1d006a27bd82e10f9194d30158d91201e9930420/0xcdb46cc050ef36167991d0f95eab58c13f2366d81d91ba0eee9b403f54ab2084,150,Body,Neon Solid,Face,Hitman Face,Weapon,Sai,Background,Cosmos,,,,,,,,,,,,,,,,,,,,,,,,
MetaBoy #8480,https://nft.gamestop.com/token/0x1d006a27bd82e10f9194d30158d91201e9930420/0x5c720a49aa8757c71c6bbd2e3f0d375b337f725128dc7bab37d28701b55cb150,150,Hat,Red Mowhawk,Body,Yellow Overalls,Face,Sad,Waist,Chain Belt,Weapon,Slingshot,Background,Cosmos,,,,,,,,,,,,,,,,,,,,
MetaBoy #362,https://nft.gamestop.com/token/0x1d006a27bd82e10f9194d30158d91201e9930420/0x8363b723f753f2a2f3044ee34b4a0b9588e89a429ca693cead156a679db8ca89,151,Hat,Yellow Hat,Body,Stone,Face,Hitman Face,Weapon,Snail Shell,Background,Cosmos,,,,,,,,,,,,,,,,,,,,,,
MetaBoy #1660,https://nft.gamestop.com/token/0x1d006a27bd82e10f9194d30158d91201e9930420/0x3701e8f04bd8d952efec6f0918d439dfc1f99825dc31793e1357402529f41985,151,Hat,Astronaut Helmet,Body,Gentleman,Face,Loud Crying,Weapon,Side Gun,Background,Cosmos,,,,,,,,,,,,,,,,,,,,,,
MetaBoy #1183,https://nft.gamestop.com/token/0x1d006a27bd82e10f9194d30158d91201e9930420/0xd1535afe67fd59b2861305b872d871958ff79ac77a293701c2d81e780cbe46e9,152,Hat,Sea Captain Hat,Body,Schoolgirl,Face,Hitman Face,Neck,Dog Tags,Weapon,Wrist Straps,Background,Cosmos,,,,,,,,,,,,,,,,,,,,
MetaBoy #3832,https://nft.gamestop.com/token/0x1d006a27bd82e10f9194d30158d91201e9930420/0xabd1c2cc906e0ce0514298ea8e109b046fe82b4cf385ee68cbcddee72560548c,154,Body,Neon Solid,Face,Angry,Neck,Red Cape,Waist,Belt with Left Pistol,Weapon,Cowboy Right Pistol,Background,Cosmos,,,,,,,,,,,,,,,,,,,,
MetaBoy #9200,https://nft.gamestop.com/token/0x1d006a27bd82e10f9194d30158d91201e9930420/0xb2f01570ee15896f6c6e0befc96bbd97451dc1c033b1989edf9161b8c6f920b9,155,Hat,Medic Hat,Body,Schoolgirl,Face,Super Angry,Weapon,Boxing Gloves,Background,Cosmos,,,,,,,,,,,,,,,,,,,,,,
MetaBoy #8398,https://nft.gamestop.com/token/0x1d006a27bd82e10f9194d30158d91201e9930420/0xe2559ac8b490a1f7e8626e820d040b6db0fbf595bc3fefcfffe7f8900486d33c,155,Body,Samurai,Face,Double Chin,Neck,Dog Tags,Weapon,Daggers,Background,Cosmos,,,,,,,,,,,,,,,,,,,,,,
MetaBoy #8511,https://nft.gamestop.com/token/0x1d006a27bd82e10f9194d30158d91201e9930420/0x501609109c13c3641da4ca221b9fe63ef79165a5f6d30c5354bd82d5d2ee767e,155,Back,Fireball,Body,Prisoner,Face,Huge Smile,Weapon,Boxing Gloves,Background,Cosmos,,,,,,,,,,,,,,,,,,,,,,
MetaBoy #1422,https://nft.gamestop.com/token/0x1d006a27bd82e10f9194d30158d91201e9930420/0x3ab500b3c6fda37cb083dd260d56778be5d5d85375539db47e1e872690f3fe77,155,Body,Schoolgirl,Face,Sad,Neck,Dog Tags,Weapon,Retro Futuristic Rifle,Background,Cosmos,,,,,,,,,,,,,,,,,,,,,,
MetaBoy #3742,https://nft.gamestop.com/token/0x1d006a27bd82e10f9194d30158d91201e9930420/0xf4353fe5c5407ec6df24cf20d22be46ce5d701978f59991187d0d4d09edce2db,156,Hat,Ribbon,Body,Lizard,Face,Got You,Neck,Binoculars,Weapon,Energy Sword,Background,Cosmos,,,,,,,,,,,,,,,,,,,,
MetaBoy #7126,https://nft.gamestop.com/token/0x1d006a27bd82e10f9194d30158d91201e9930420/0x1043d8f3996df9dc2deaed296f012ee08b6d8d47a13fb92b96b88bd877c997cf,156,Hat,Samurai Helmet,Body,Nobleman,Face,Snobby Kid,Waist,Belt Empty Holsters,Weapon,Cowboy Two Pistols,Background,Cosmos,,,,,,,,,,,,,,,,,,,,
MetaBoy #5640,https://nft.gamestop.com/token/0x1d006a27bd82e10f9194d30158d91201e9930420/0xc705f3f86e1383563fea1f9bb23a04f3d429212b3bf28627b84baff013d49fda,157,Hat,Winged Helmet,Body,Gentleman,Face,Crazy,Waist,Belt with Left Pistol,Weapon,Cowboy Right Pistol,Background,Cosmos,,,,,,,,,,,,,,,,,,,,
MetaBoy #5313,https://nft.gamestop.com/token/0x1d006a27bd82e10f9194d30158d91201e9930420/0xb220f3834329606316aedc2ea9dd660127d8c8a3dc5d3cc389838c0363d68fcc,158,Hat,Sea Captain Hat,Body,Schoolgirl,Face,Whatever,Waist,Satchel,Weapon,Energy Sword,Background,Cosmos,,,,,,,,,,,,,,,,,,,,
MetaBoy #1137,https://nft.gamestop.com/token/0x1d006a27bd82e10f9194d30158d91201e9930420/0xdd04d7083f756e26e2473a9333870b653a4d7ad4c0d7a10096b112babe9904e2,159,Hat,Cowboy Hat,Body,Explorer,Face,Big Teeth,Waist,Potion Belt,Weapon,Axe and Shield,Background,Cosmos,,,,,,,,,,,,,,,,,,,,
MetaBoy #3507,https://nft.gamestop.com/token/0x1d006a27bd82e10f9194d30158d91201e9930420/0xb75a1de9a60a41c1cd16c30c10201cea291ecd1301a512ae1e8ccec57bdbfce0,159,Hat,Crown,Body,Schoolgirl,Face,Crying,Weapon,Daggers,Background,Cosmos,,,,,,,,,,,,,,,,,,,,,,
MetaBoy #5852,https://nft.gamestop.com/token/0x1d006a27bd82e10f9194d30158d91201e9930420/0xb8138515bc44edc89159802ce7f78f5cee5ef1bbe1ce20f1250a5b7f0a6af7b2,159,Hat,Sea Captain Hat,Body,Schoolboy,Face,Bearded Cowboy,Weapon,Lightning,Background,Cosmos,,,,,,,,,,,,,,,,,,,,,,
MetaBoy #6984,https://nft.gamestop.com/token/0x1d006a27bd82e10f9194d30158d91201e9930420/0xa30102b51dd00d68bfc1f76e9946ddbee016f149a7e2e1410aa884359d59174d,159,Back,Sai Backpack,Body,Mom Jeans,Face,Furious Face,Weapon,Wrist Straps,Background,Cosmos,,,,,,,,,,,,,,,,,,,,,,
MetaBoy #3702,https://nft.gamestop.com/token/0x1d006a27bd82e10f9194d30158d91201e9930420/0x9b922dceaef16579b0feb5ee13d87d188c8170e426b523cea0f9177c1a66355a,159,Hat,Cowboy Hat,Body,Gentleman,Face,Big Teeth,Waist,Belt with Left Pistol,Weapon,Cowboy Right Pistol,Background,Cosmos,,,,,,,,,,,,,,,,,,,,
MetaBoy #3386,https://nft.gamestop.com/token/0x1d006a27bd82e10f9194d30158d91201e9930420/0x93cc2f6e2f10e0defd86c36bf5fe5c1c77516aff3d1ab23c861b18e22c30834d,160,Body,Assassin,Face,Teeth Smile,Weapon,Lightning,Background,Cosmos,,,,,,,,,,,,,,,,,,,,,,,,
MetaBoy #7009,https://nft.gamestop.com/token/0x1d006a27bd82e10f9194d30158d91201e9930420/0x41357594fef4a5b19a0b186dd3c22ee97a1d435f2c1cccc901f807da6aa38485,161,Hat,Underwater Helmet,Body,Bread Slice,Face,Rosy Cheeks,Neck,Red Bandana,Weapon,Sai,Background,Cosmos,,,,,,,,,,,,,,,,,,,,
MetaBoy #4031,https://nft.gamestop.com/token/0x1d006a27bd82e10f9194d30158d91201e9930420/0x7748a14d92888782d58d6fe9f1ed9c09c8bacd0a545c7980ca84e5848c3c7c1f,161,Body,Schoolgirl,Face,Loud Crying,Weapon,Wooden Staff,Background,Cosmos,,,,,,,,,,,,,,,,,,,,,,,,
MetaBoy #2184,https://nft.gamestop.com/token/0x1d006a27bd82e10f9194d30158d91201e9930420/0xd79f2090c604846949ee88f19bdf5ef6a81046e9d604f8f87be3d2c77df53800,161,Hat,Detective Hat,Body,Lifeguard,Face,Big Moustashe,Weapon,Wooden Staff,Background,Cosmos,,,,,,,,,,,,,,,,,,,,,,
MetaBoy #5522,https://nft.gamestop.com/token/0x1d006a27bd82e10f9194d30158d91201e9930420/0x4e65c75228836e828b6cf649a3580dd945caac9b6d4d6d8a84d73cb40f5323bb,162,Hat,Winged Helmet,Body,Schoolgirl,Face,Confused,Waist,Warrior Belt,Weapon,Hook,Background,Cosmos,,,,,,,,,,,,,,,,,,,,
MetaBoy #6447,https://nft.gamestop.com/token/0x1d006a27bd82e10f9194d30158d91201e9930420/0x7ea88e1bc4f330f6b58ca73fb3dc97bb4a4fad2393f6a715b0e2c0960a52f5ff,162,Hat,Cowboy Hat,Body,Schoolgirl,Face,Rosy Cheeks,Weapon,Gravity Gun,Background,Cosmos,,,,,,,,,,,,,,,,,,,,,,
MetaBoy #3873,https://nft.gamestop.com/token/0x1d006a27bd82e10f9194d30158d91201e9930420/0x6a4d0af8b89328e86056e2030f2e19665582655f2e62670389cb443e92b94c19,162,Hat,Dark Hoodie,Body,Mom Jeans,Face,Angry,Weapon,Chainsaw,Background,Cosmos,,,,,,,,,,,,,,,,,,,,,,
MetaBoy #4310,https://nft.gamestop.com/token/0x1d006a27bd82e10f9194d30158d91201e9930420/0x187b4b5e6f47da66c4ab9a3f8271660d0798f8838b6f169e0c37e0d580857f16,162,Hat,Detective Hat,Body,Neon Transparent,Face,Seducing,Weapon,Robot Claw,Background,Cosmos,,,,,,,,,,,,,,,,,,,,,,
MetaBoy #4914,https://nft.gamestop.com/token/0x1d006a27bd82e10f9194d30158d91201e9930420/0x94befbf447b40e33656242a21e133340bd2ae9febaa8c9ac9f9d4efb1f078380,164,Hat,Crown,Body,Water,Face,Loud Crying,Weapon,Bow and Arrow,Background,Cosmos,,,,,,,,,,,,,,,,,,,,,,
MetaBoy #1821,https://nft.gamestop.com/token/0x1d006a27bd82e10f9194d30158d91201e9930420/0xa97e512539ca575c1c166725ba3ecfb78173cebcea158cd824a69780234dff14,164,Hat,Fedora,Body,Schoolboy,Face,Sweet,Neck,Medallion Necklace,Weapon,Wrist Straps,Background,Cosmos,,,,,,,,,,,,,,,,,,,,
MetaBoy #5041,https://nft.gamestop.com/token/0x1d006a27bd82e10f9194d30158d91201e9930420/0xe571774f8a7f896f1350785817532a61c1772e8b9e7fe1b03597e65fe027d509,165,Hat,Detective Hat,Body,Schoolboy,Face,Super Angry,Waist,Belt Empty Holsters,Weapon,Cowboy Two Pistols,Background,Cosmos,,,,,,,,,,,,,,,,,,,,
MetaBoy #2296,https://nft.gamestop.com/token/0x1d006a27bd82e10f9194d30158d91201e9930420/0x52612bc926878595532d87ad1cda75981f40fa2eb37f9e0226799df3893da35c,165,Back,Golden Wings,Body,Schoolgirl,Face,Confused,Waist,Belt Empty Holsters,Weapon,Cowboy Two Pistols,Background,Cosmos,,,,,,,,,,,,,,,,,,,,
MetaBoy #1105,https://nft.gamestop.com/token/0x1d006a27bd82e10f9194d30158d91201e9930420/0x0a4f9cac790c8d008b4c1d2e323dcb7e4dd5f48aea8c0409ea3d767e3febb315,166,Hat,Purple Mowhawk,Back,Sword Backpack,Body,Light Blue,Face,Sad Zombie,Weapon,Axe and Shield,Background,Cosmos,,,,,,,,,,,,,,,,,,,,
MetaBoy #735,https://nft.gamestop.com/token/0x1d006a27bd82e10f9194d30158d91201e9930420/0x1a728e80a76385144cf892cc62b2eb6e84189ee8fd985d2adcc8001e2cf67a9a,166,Body,Open Jacket,Face,Crying,Weapon,Lightning,Background,Cosmos,,,,,,,,,,,,,,,,,,,,,,,,
MetaBoy #3167,https://nft.gamestop.com/token/0x1d006a27bd82e10f9194d30158d91201e9930420/0xb1a57049a55ebf179c5e1bf56cfddc3c7d1fb0d7551fb63e06c29e813d30a75e,167,Hat,Pirate Hat,Body,Suspenders,Face,Whatever,Weapon,Wrist Straps,Background,Cosmos,,,,,,,,,,,,,,,,,,,,,,
MetaBoy #2092,https://nft.gamestop.com/token/0x1d006a27bd82e10f9194d30158d91201e9930420/0x17dd322af449d32851e30fb0128ed25f6c8be6bd340ddf73266c44caa091380c,168,Body,Supervillain,Face,Crying,Waist,Belt with Left Pistol,Weapon,Cowboy Right Pistol,Background,Cosmos,,,,,,,,,,,,,,,,,,,,,,
MetaBoy #3896,https://nft.gamestop.com/token/0x1d006a27bd82e10f9194d30158d91201e9930420/0x85f8036d1bf23bd76c1f8a7c747e5492b5c7b1b13d983e3117fba86ccf557536,169,Hat,Plague Doctor Hat,Back,Golden Wings,Body,Schoolgirl,Face,Double Chin,Weapon,Bow,Background,Cosmos,,,,,,,,,,,,,,,,,,,,
MetaBoy #2040,https://nft.gamestop.com/token/0x1d006a27bd82e10f9194d30158d91201e9930420/0x428f4906a815af811a2f3dbf2d02328e579bc187c668579961c641557576491b,170,Body,Schoolgirl,Face,Surprised,Weapon,Hook,Background,Cosmos,,,,,,,,,,,,,,,,,,,,,,,,
MetaBoy #3722,https://nft.gamestop.com/token/0x1d006a27bd82e10f9194d30158d91201e9930420/0xd4e29fb5d087dc88a1496441067a28371e8cf21335b0edc0d3e7d821ebc6a8e2,170,Hat,Axe Hat,Back,Sword Backpack,Body,Water,Face,Loud Crying,Weapon,Crowbar,Background,Cosmos,,,,,,,,,,,,,,,,,,,,
MetaBoy #1964,https://nft.gamestop.com/token/0x1d006a27bd82e10f9194d30158d91201e9930420/0xfed169a48bbb756faa910ee23a31fc548abfa58f96f5f6ba270b10aeabf27f91,172,Back,Sword Backpack,Body,Nobleman,Face,Happy Clown,Neck,Blue Bandana,Waist,Potion Belt,Weapon,Yatagan,Background,Cosmos,,,,,,,,,,,,,,,,,,
MetaBoy #5502,https://nft.gamestop.com/token/0x1d006a27bd82e10f9194d30158d91201e9930420/0x440e83f720d85a9bcc2723f8d8fb3ac31237f8fc23faa425b1b88327f1409ac7,172,Body,Stone,Face,Holding a Laugh,Weapon,Wrist Straps,Background,Cosmos,,,,,,,,,,,,,,,,,,,,,,,,
MetaBoy #5872,https://nft.gamestop.com/token/0x1d006a27bd82e10f9194d30158d91201e9930420/0xb83d2cea570f0c78c0831ed832a9c38f8d34bdd29e0eeaf32ff7233851c17cf9,172,Hat,Viking Helmet,Body,Schoolboy,Face,Unibrow Bandit,Neck,Red Scarf,Weapon,Chainsaw,Background,Cosmos,,,,,,,,,,,,,,,,,,,,
MetaBoy #6672,https://nft.gamestop.com/token/0x1d006a27bd82e10f9194d30158d91201e9930420/0x9ecae5de499e449b9fd7ff1eb95f8541493f3b85cc2dd560cd6eb548a6775c61,173,Body,Schoolgirl,Face,OoO,Weapon,Bow,Background,Cosmos,,,,,,,,,,,,,,,,,,,,,,,,
MetaBoy #9254,https://nft.gamestop.com/token/0x1d006a27bd82e10f9194d30158d91201e9930420/0x55b742b10f99233870f1c8e6d25a9f6a8679fbff76cce910503b53943c5f3c2b,174,Hat,Dark-Hoodie,Body,Galaxy,Face,Galaxy,Weapon,Lightning,Background,Cosmos,,,,,,,,,,,,,,,,,,,,,,
MetaBoy #9011,https://nft.gamestop.com/token/0x1d006a27bd82e10f9194d30158d91201e9930420/0x54aa57b62e4c9ae0d18949072c40c68c3fc6e36fb3caead6b5ef7841c6b5812e,175,Body,Yellow Overalls,Face,Monster,Neck,Blue Bandana,Weapon,Daggers,Background,Cosmos,,,,,,,,,,,,,,,,,,,,,,
MetaBoy #752,https://nft.gamestop.com/token/0x1d006a27bd82e10f9194d30158d91201e9930420/0xb38dbc1c4bfe7057b7a8e83fcb90cfea4d4522a1ec92c7d72d445bc838bda97d,176,Hat,Bunny Ears,Body,Light Blue,Face,Loud Crying,Neck,Skull Bandana,Weapon,Snail Shell,Background,Cosmos,,,,,,,,,,,,,,,,,,,,
MetaBoy #6586,https://nft.gamestop.com/token/0x1d006a27bd82e10f9194d30158d91201e9930420/0x578a187987dc7dc6c1740fd69bbbfe8573e48ef3932ae6d850ef72517036425b,179,Hat,Underwater Helmet,Body,Gentleman,Face,Monster,Weapon,Chainsaw,Background,Cosmos,,,,,,,,,,,,,,,,,,,,,,
MetaBoy #3515,https://nft.gamestop.com/token/0x1d006a27bd82e10f9194d30158d91201e9930420/0x81313feb9bbd34fdc5c7a294172d584771451a4f2af5171df100da4ff9aa39b5,179,Hat,Medic Hat,Back,Sai Backpack,Body,Country,Face,Sweet,Waist,Chain Belt,Weapon,Bow,Background,Cosmos,,,,,,,,,,,,,,,,,,
MetaBoy #4995,https://nft.gamestop.com/token/0x1d006a27bd82e10f9194d30158d91201e9930420/0xdb48b0b000deb4918a413462c168fd8113083f68fce842b49be39df93d5d72d5,180,Hat,Underwater Helmet,Back,Sai Backpack,Body,Lumberjack,Face,Neon Face,Weapon,Sai,Background,Cosmos,,,,,,,,,,,,,,,,,,,,
MetaBoy #5890,https://nft.gamestop.com/token/0x1d006a27bd82e10f9194d30158d91201e9930420/0xd07de7c5a19137d3bdc853e9ef35f7ac34534e87a6e1edc69e01bce5ff44f6af,180,Hat,Purple Wizard Hat,Back,Sword Backpack,Body,Schoolboy,Face,Angel Smile,Neck,Red Bandana,Weapon,Trident,Background,Cosmos,,,,,,,,,,,,,,,,,,
MetaBoy #5976,https://nft.gamestop.com/token/0x1d006a27bd82e10f9194d30158d91201e9930420/0x6f2b306a94e00c6e3afa86374368913647b08d900d625ece0fa76c31ffdb289c,181,Hat,Red Mowhawk,Body,Schoolgirl,Face,Happy Clown,Neck,Dog Tags,Weapon,Zombie Hands,Background,Cosmos,,,,,,,,,,,,,,,,,,,,
MetaBoy #9774,https://nft.gamestop.com/token/0x1d006a27bd82e10f9194d30158d91201e9930420/0x430a1eeba7848e8e642bae96512fa15caafcf1f8e7cc5ba9dc6e56deb1e6df77,181,Hat,Chefs Hat,Body,Wood,Face,Happy Face,Weapon,Hook,Background,Cosmos,,,,,,,,,,,,,,,,,,,,,,
MetaBoy #630,https://nft.gamestop.com/token/0x1d006a27bd82e10f9194d30158d91201e9930420/0xedb016f1f005af0ee2f2773eec6d04576493be68912a6c64eadea20f230edf74,181,Body,Muscular Warrior,Face,Crying,Weapon,Spear and Shield,Background,Cosmos,,,,,,,,,,,,,,,,,,,,,,,,
MetaBoy #397,https://nft.gamestop.com/token/0x1d006a27bd82e10f9194d30158d91201e9930420/0x993a474ede6fb86363f1f11c4cd2b36cd9f35e31ffb6927420e535f9adf987f6,182,Hat,Green Headphones,Body,Schoolgirl,Face,Cyclops,Waist,Satchel,Weapon,Bazooka,Background,Cosmos,,,,,,,,,,,,,,,,,,,,
MetaBoy #4855,https://nft.gamestop.com/token/0x1d006a27bd82e10f9194d30158d91201e9930420/0x1454441ae2c1728482fd19f4db3add302de4a5ca0f7ff8663572c347c928ea54,183,Hat,Pirate Hat,Body,Stone,Face,Demon,Weapon,Sniper,Background,Cosmos,,,,,,,,,,,,,,,,,,,,,,
MetaBoy #1184,https://nft.gamestop.com/token/0x1d006a27bd82e10f9194d30158d91201e9930420/0x62644062d1660cfc95b817e4ba9acf11dbebdc1becf1522548487e9439b19716,184,Back,Golden Wings,Body,Monster Suit,Face,Glasses,Waist,Champion Belt,Weapon,Trident,Background,Cosmos,,,,,,,,,,,,,,,,,,,,
MetaBoy #5334,https://nft.gamestop.com/token/0x1d006a27bd82e10f9194d30158d91201e9930420/0x2991a37bfb49465300b5c5dbfcabfa757bfaa284b1af9bfc602c460c0b2e57a5,185,Body,Schoolgirl,Face,404 Face,Neck,Skull Bandana,Weapon,Medusas Head,Background,Cosmos,,,,,,,,,,,,,,,,,,,,,,
MetaBoy #3544,https://nft.gamestop.com/token/0x1d006a27bd82e10f9194d30158d91201e9930420/0x4fb0d45be204b79ba704fe6f661aa78039008169c41ce20c62b505e8bb9fb8a8,185,Hat,Warrior Helmet,Body,Schoolboy,Face,Sad,Neck,Skull Bandana,Weapon,Daggers,Background,Cosmos,,,,,,,,,,,,,,,,,,,,
MetaBoy #8897,https://nft.gamestop.com/token/0x1d006a27bd82e10f9194d30158d91201e9930420/0xd51bb66c5da5e73a69ece9c3fe59c200cc4738a1c89b60c929ad5a210de43dae,185,Hat,Cowboy Hat,Body,Schoolboy,Face,Furious Face,Weapon,Side Gun,Background,Cosmos,,,,,,,,,,,,,,,,,,,,,,
MetaBoy #6747,https://nft.gamestop.com/token/0x1d006a27bd82e10f9194d30158d91201e9930420/0x81c36826a0166629063021bba757a3a2b119f31442fec7a7d18af71d61888c1c,186,Hat,Pirate Hat,Back,Sword Backpack,Body,Stripped,Face,Smiling Zombie,Weapon,Bazooka,Background,Cosmos,,,,,,,,,,,,,,,,,,,,
MetaBoy #3048,https://nft.gamestop.com/token/0x1d006a27bd82e10f9194d30158d91201e9930420/0x4d0597f297a87c41e79b4ddb92531317ba318c92ecd1ca36e68031c10f6b2c0d,186,Body,Schoolgirl,Face,Teeth Smile,Neck,Skull Bandana,Waist,Satchel,Weapon,Medusas Head,Background,Cosmos,,,,,,,,,,,,,,,,,,,,
MetaBoy #5360,https://nft.gamestop.com/token/0x1d006a27bd82e10f9194d30158d91201e9930420/0x182d665b389e94662a6d91e40fc16288b02627272ed8bfd03ba231690b5ebce7,187,Hat,Leafs,Body,Schoolboy,Face,Surprised,Waist,Belt with Left Pistol,Weapon,Cowboy Right Pistol,Background,Cosmos,,,,,,,,,,,,,,,,,,,,
MetaBoy #7105,https://nft.gamestop.com/token/0x1d006a27bd82e10f9194d30158d91201e9930420/0xddd4c8585206147e1aff83c08960bcbd9b6c28f9c1022cefaf72004a0c75732a,188,Hat,Samurai Helmet,Back,Angel Wings,Body,Neon Transparent,Face,Monster,Weapon,Medusas Head,Background,Cosmos,,,,,,,,,,,,,,,,,,,,
MetaBoy #2982,https://nft.gamestop.com/token/0x1d006a27bd82e10f9194d30158d91201e9930420/0xfd649ecb63412ae778a20e1367a6694871ee006dfcdc94095b6f5bfc560723b5,188,Body,Schoolboy,Face,Grinding Teeth,Weapon,Dynamite Stick,Background,Cosmos,,,,,,,,,,,,,,,,,,,,,,,,
MetaBoy #9396,https://nft.gamestop.com/token/0x1d006a27bd82e10f9194d30158d91201e9930420/0x58565480aaa9febb4e78dcf37b27d79f13a396837d09cb6143730d1e71fb6299,189,Body,Lizard,Face,Unibrow Bandit,Waist,Champion Belt,Weapon,Hook,Background,Cosmos,,,,,,,,,,,,,,,,,,,,,,
MetaBoy #9441,https://nft.gamestop.com/token/0x1d006a27bd82e10f9194d30158d91201e9930420/0x16fbc82f9bdaa97ff189f2dda3380f97b0e570406e84c1e8f67c3d3194d91d5d,189,Hat,Purple Mowhawk,Back,Sword Backpack,Body,Schoolgirl,Face,Sad Zombie,Neck,Skull Bandana,Waist,Belt with Right Pistol,Weapon,Cowboy Left Pistol,Background,Cosmos,,,,,,,,,,,,,,,,
MetaBoy #6086,https://nft.gamestop.com/token/0x1d006a27bd82e10f9194d30158d91201e9930420/0xa091563441cfd65fb348bfa2da2e38a098f2f38eef2719c9772dfa19f76ad7a8,190,Hat,Skull Top Hat,Body,Schoolboy,Face,Surprised,Weapon,Wrist Straps,Background,Cosmos,,,,,,,,,,,,,,,,,,,,,,
MetaBoy #7317,https://nft.gamestop.com/token/0x1d006a27bd82e10f9194d30158d91201e9930420/0xe54090b1a9cb48b2a95a4e2cfd79481cb251794215e7d349a7283761021ed537,191,Hat,Wizard Hat,Body,Muscular Warrior,Face,Handsome Face,Weapon,Crowbar,Background,Cosmos,,,,,,,,,,,,,,,,,,,,,,
MetaBoy #4162,https://nft.gamestop.com/token/0x1d006a27bd82e10f9194d30158d91201e9930420/0x0a9436e954ce003c3c8e7176336d6fc871db02702a7035dbaee4496e97b32c67,191,Hat,Chefs Hat,Back,Fireball,Body,Schoolboy,Face,Tongue out,Weapon,Bazooka,Background,Cosmos,,,,,,,,,,,,,,,,,,,,
MetaBoy #6039,https://nft.gamestop.com/token/0x1d006a27bd82e10f9194d30158d91201e9930420/0xe500bb89478aca5ba6abd33f35ec5641b59dd4962a5306a9752ee2b4faddd2ed,191,Hat,Samurai Helmet,Body,Schoolboy,Face,Handsome Face,Neck,Medallion Necklace,Weapon,Harpoon,Background,Cosmos,,,,,,,,,,,,,,,,,,,,
MetaBoy #8469,https://nft.gamestop.com/token/0x1d006a27bd82e10f9194d30158d91201e9930420/0x4520a34ed8e3723b97dd41f23ea2b1711985ae5ddfea5e4198b1aa9fdd09670f,193,Hat,Cat Ears,Body,Schoolgirl,Face,Happy Face,Weapon,Bow,Background,Cosmos,,,,,,,,,,,,,,,,,,,,,,
MetaBoy #88,https://nft.gamestop.com/token/0x1d006a27bd82e10f9194d30158d91201e9930420/0xcffc74c8e8c391e38eef47a00b59f16338286d6f34e8f4b5118dce5455e6d70b,193,Hat,Astronaut Helmet,Body,Cowboy,Face,Whatever,Weapon,Zombie Hands,Background,Cosmos,,,,,,,,,,,,,,,,,,,,,,
MetaBoy #8506,https://nft.gamestop.com/token/0x1d006a27bd82e10f9194d30158d91201e9930420/0xcb415962aecf3c6622a86c9c67a2ab3f3e216ce3d020235bbf308312a85e40b7,194,Hat,Hat Orange,Body,Yellow Overalls,Face,Holding a Laugh,Neck,Black Scarf,Weapon,Bow,Background,Cosmos,,,,,,,,,,,,,,,,,,,,
MetaBoy #4807,https://nft.gamestop.com/token/0x1d006a27bd82e10f9194d30158d91201e9930420/0x0db1e5c259633db576dcd651cc7a96cb5a4b79d74b57d55f5398f45a1279d4bc,195,Hat,Wizard Hat,Back,Golden Wings,Body,Explorer,Face,Skull,Neck,Skull Bandana,Waist,Belt with Right Pistol,Weapon,Cowboy Left Pistol,Background,Cosmos,,,,,,,,,,,,,,,,
MetaBoy #6980,https://nft.gamestop.com/token/0x1d006a27bd82e10f9194d30158d91201e9930420/0xea9531724a4dcd44c54193cf3a68f96018fd09fd9bfd39dc0f94ada8f78f8bc9,196,Body,Stone,Face,Seducing,Weapon,Wrist Straps,Background,Cosmos,,,,,,,,,,,,,,,,,,,,,,,,
MetaBoy #4127,https://nft.gamestop.com/token/0x1d006a27bd82e10f9194d30158d91201e9930420/0xa62894de8f5662af5f0c3429af3d7a09966a11bc40ad70bd389aca86be5b2e76,196,Hat,Wizard Hat,Back,Sword Backpack,Body,Red Dress,Face,Surprised,Waist,Belt Empty Holsters,Weapon,Cowboy Two Pistols,Background,Cosmos,,,,,,,,,,,,,,,,,,
MetaBoy #3731,https://nft.gamestop.com/token/0x1d006a27bd82e10f9194d30158d91201e9930420/0x6185b585d72ed81b6ed733dc209ae276526186b77b3ff4c7ed72bb90121c4cc8,196,Hat,Underwater Helmet,Body,Bread Slice,Face,OoO,Hat1,Pirate Hat5,Neck,Black Scarf,Body1,Schoolboy5,Waist,Belt Empty Holsters,Weapon,Dynamite Stick,Neck111,Skull Bandana555,BodyBackground,Space,WeapoBackgroundn,Cosmos,WeaponBackground,City,BodyMetaBoy #4957,Wood,FaceGameB1oy 4957.gif,Demon5,BackgBBBaackgroundackgroundround,Pyramids,NeckGameBoy 4950.gifGameBoy 4951,Colony
MetaBoy #336,https://nft.gamestop.com/token/0x1d006a27bd82e10f9194d30158d91201e9930420/0x295e240e20b2c14532561989abf42acd8d9ed28831db34e5c2cf30df3c3e188c,196,Hat,Xmas Hat,Body,Yellow Overalls,Face,Sweet,Weapon,Snail Shell,Background,Cosmos,,,,,,,,,,,,,,,,,,,,,,
MetaBoy #1354,https://nft.gamestop.com/token/0x1d006a27bd82e10f9194d30158d91201e9930420/0xaa3ae7c8bb1213ff4660f9abd80f90ebeaf5348a134634897982ce411d780b8f,197,Hat,Green Headphones,Back,Sai Backpack,Body,Schoolboy,Face,Big Moustashe,Neck,Arrow Quiver,Weapon,Wrist Straps,Background,Cosmos,,,,,,,,,,,,,,,,,,
MetaBoy #9801,https://nft.gamestop.com/token/0x1d006a27bd82e10f9194d30158d91201e9930420/0x60504ce2a5391ce008f2a53ec44680de445dd5e4a0fa67603c2cf37affbca075,197,Hat,Wizard Hat,Body,Schoolgirl,Face,Surprised,Weapon,Robot Claw,Background,Cosmos,,,,,,,,,,,,,,,,,,,,,,
MetaBoy #3972,https://nft.gamestop.com/token/0x1d006a27bd82e10f9194d30158d91201e9930420/0xe8768ed14658d00fb1c7a354285bf112b6b7e50feb5e08543f8c08eac2097298,199,Hat,Underwater Helmet,Body,Schoolgirl,Face,Surprised,Weapon,Robot Claw,Background,Cosmos,,,,,,,,,,,,,,,,,,,,,,
MetaBoy #1224,https://nft.gamestop.com/token/0x1d006a27bd82e10f9194d30158d91201e9930420/0x637bbafedba52ee8bc37fa39353a7ec9ec8e62d5fcf4abb2150f2051b85f6f05,199,Body,Monk,Face,Sweet,Weapon,Wooden Staff,Background,Cosmos,,,,,,,,,,,,,,,,,,,,,,,,
MetaBoy #498,https://nft.gamestop.com/token/0x1d006a27bd82e10f9194d30158d91201e9930420/0x7c55413d14f12500dec8cc0208ee63e96fb72a978cde4f0e14a6967713773208,199,Hat,Astronaut Helmet,Body,Muscular Warrior,Face,Monocle,Weapon,Gravity Gun,Background,Cosmos,,,,,,,,,,,,,,,,,,,,,,
MetaBoy #4050,https://nft.gamestop.com/token/0x1d006a27bd82e10f9194d30158d91201e9930420/0x8bb65f9cc47e553ff98ca3054bc23a4318f91f8cfc984eb6459e7bf807f2ee07,200,Hat,Red Mowhawk,Body,Superhero,Face,Seducing,Weapon,Dynamite Stick,Background,Cosmos,,,,,,,,,,,,,,,,,,,,,,
MetaBoy #9155,https://nft.gamestop.com/token/0x1d006a27bd82e10f9194d30158d91201e9930420/0xd47f9832a7ad3a53b879bf2ee34f3de0572b8d064c2bd67827695527863d1542,201,Hat,Dark Hoodie,Body,Stone,Face,Glasses,Weapon,Robot Claw,Background,Cosmos,,,,,,,,,,,,,,,,,,,,,,
MetaBoy #9607,https://nft.gamestop.com/token/0x1d006a27bd82e10f9194d30158d91201e9930420/0xd15181b5723c1455f5a28392d613c534102e0232122a7eb5b2bb6ac3f1a4935e,202,Hat,Winged Helmet,Body,Yellow Overalls,Face,Sad Zombie,Neck,Binoculars,Weapon,Wrist Straps,Background,Cosmos,,,,,,,,,,,,,,,,,,,,
MetaBoy #3914,https://nft.gamestop.com/token/0x1d006a27bd82e10f9194d30158d91201e9930420/0x4a266b0a390aaae665fce538aba5a0a78ea6a6219a1a139742ca9163d4138f43,202,Hat,Underwater Helmet,Body,Stripped,Face,Happy Clown,Weapon,Daggers,Background,Cosmos,,,,,,,,,,,,,,,,,,,,,,
MetaBoy #5322,https://nft.gamestop.com/token/0x1d006a27bd82e10f9194d30158d91201e9930420/0x69ad11634236cc9b2119d19f12a29214ed421625ff64cc7e182c62a2929b590b,202,Hat,Astronaut Helmet,Body,Superhero,Face,Demon,Waist,Champion Belt,Weapon,Crowbar,Background,Cosmos,,,,,,,,,,,,,,,,,,,,
MetaBoy #642,https://nft.gamestop.com/token/0x1d006a27bd82e10f9194d30158d91201e9930420/0x7074227c32d8785e3d9aeb906ca8c657d64fb950a6b5bcc9813c5fb39e633b0b,203,Hat,Hat Blue,Body,Schoolboy,Face,Sweet,Weapon,Harpoon,Background,Cosmos,,,,,,,,,,,,,,,,,,,,,,
MetaBoy #5150,https://nft.gamestop.com/token/0x1d006a27bd82e10f9194d30158d91201e9930420/0x5a6f4c91536ea3077b0e8620b030ef36560695f52d42a64a6455aac3d1f15025,204,Hat,Medic Hat,Back,Angel Wings,Body,Schoolgirl,Face,Sad,Weapon,Wooden Staff,Background,Cosmos,,,,,,,,,,,,,,,,,,,,
MetaBoy #4015,https://nft.gamestop.com/token/0x1d006a27bd82e10f9194d30158d91201e9930420/0x7d9d3de204eed0bcb976169ccd4892cf476d366ec41b7d7db82de470a3978585,205,Body,Lifeguard,Face,Furious Face,Neck,Arrow Quiver,Weapon,Trident,Background,Cosmos,,,,,,,,,,,,,,,,,,,,,,
MetaBoy #9239,https://nft.gamestop.com/token/0x1d006a27bd82e10f9194d30158d91201e9930420/0x0077651ad5232d0d9021fe82cd9177a68624c40e30261b9ab73fa301a1ede2b2,206,Hat,Wizard Hat,Back,Golden Wings,Body,Lumberjack,Face,Angry,Neck,Black Scarf,Weapon,Blade,Background,Cosmos,,,,,,,,,,,,,,,,,,
MetaBoy #2550,https://nft.gamestop.com/token/0x1d006a27bd82e10f9194d30158d91201e9930420/0x13f517bcea95d31eaf4f470e34ae7a33f2f85ce52160b7f5d03eeff375aee941,206,Hat,Medic Hat,Body,Santa Claus,Face,Glasses,Weapon,Daggers,Background,Cosmos,,,,,,,,,,,,,,,,,,,,,,
MetaBoy #1508,https://nft.gamestop.com/token/0x1d006a27bd82e10f9194d30158d91201e9930420/0x3f2414af1e6252b97dfa7d7b7fff95cf52e930a4d80a7d467b239abf4fc2e1bd,207,Hat,Bunny Ears,Body,Supervillain,Face,Big Moustashe,Neck,Black Scarf,Weapon,Robot Claw,Background,Cosmos,,,,,,,,,,,,,,,,,,,,
MetaBoy #5971,https://nft.gamestop.com/token/0x1d006a27bd82e10f9194d30158d91201e9930420/0x179be3c4c392cc33a58f9d80a446ffef0d3ab0f04cfefa6c4c30c3b3cc05150a,208,Body,Schoolgirl,Face,Snobby Kid,Weapon,Boxing Gloves,Background,Cosmos,,,,,,,,,,,,,,,,,,,,,,,,
MetaBoy #1343,https://nft.gamestop.com/token/0x1d006a27bd82e10f9194d30158d91201e9930420/0xead338571b4c5b1329e42a9fce1646410d4aff8d380c30b9aa9686e8f0ecf118,208,Body,Schoolgirl,Face,Angry,Neck,Arrow Quiver,Weapon,Crowbar,Background,Cosmos,,,,,,,,,,,,,,,,,,,,,,
MetaBoy #2339,https://nft.gamestop.com/token/0x1d006a27bd82e10f9194d30158d91201e9930420/0x5830ab3e01c878c002b5e5f34bd2a4c9e6833c76be506865265620d084828220,208,Hat,Astronaut Helmet,Body,Schoolgirl,Face,OoO,Weapon,Wooden Staff,Background,Cosmos,,,,,,,,,,,,,,,,,,,,,,
MetaBoy #7053,https://nft.gamestop.com/token/0x1d006a27bd82e10f9194d30158d91201e9930420/0xd1380cd10dfef669334f00a36e1de9e0e4e50bcb94558c9d80421dda2810a633,210,Hat,Hat Orange,Body,Schoolgirl,Face,Bubblegum,Weapon,Bomb,Background,Cosmos,,,,,,,,,,,,,,,,,,,,,,
